target,dataset,dataset_name,temporal,feature_type,feature_count,mean_abs_spearman,max_abs_spearman
FHB_index,multi_scale,0.3/0.5/1.0m,diff,named_index,4,0.5927984053376554,0.6129553835717023
FHB_index,multi_scale,0.3/0.5/1.0m,0418,pairwise_nd,11,0.5667300527138713,0.6126859052530653
FHB_index,multi_scale,0.3/0.5/1.0m,diff,pairwise_nd,2,0.5909390049390602,0.6066495909155968
FHB_index,multi_scale,0.3/0.5/1.0m,0418,named_index,3,0.5529874750643503,0.6023918334811322
FHB_index,multi_scale,0.3/0.5/1.0m,ratio,named_index,5,0.5450198994433165,0.5603801636056251
FHB_index,multi_scale,0.3/0.5/1.0m,rel,named_index,5,0.5450198994433165,0.5603801636056251
FHB_index,one_sqft,1平方尺,ratio,raw_band,7,0.422753736587447,0.4797791985013008
FHB_index,one_sqft,1平方尺,rel,raw_band,7,0.422753736587447,0.4797791985013008
FHB_index,one_sqft,1平方尺,diff,raw_band,6,0.4053424879786494,0.4385521075357503
FHB_index,one_sqft,1平方尺,diff,named_index,3,0.42296418632200167,0.4379561634488396
FHB_index,one_sqft,1平方尺,diff,pairwise_nd,1,0.4379561634488396,0.4379561634488396
FHB_index,one_sqft,1平方尺,0418,pairwise_nd,2,0.40198080791080115,0.4124635145057801
FHB_index,one_sqft,1平方尺,0510,raw_band,4,0.3977225131026864,0.4099034704787287
FHB_index,point,点采样,diff,named_index,4,0.4958940019557929,0.5019572641251252
FHB_index,point,点采样,diff,pairwise_nd,2,0.4898307397864606,0.4898307397864606
FHB_index,point,点采样,0418,named_index,4,0.4764915630139295,0.4764915630139295
FHB_index,point,点采样,0418,pairwise_nd,2,0.4764915630139295,0.4764915630139295
FHB_index,point,点采样,ratio,named_index,4,0.41021337054516127,0.4111161229125952
FHB_index,point,点采样,rel,named_index,4,0.41021337054516127,0.4111161229125952
FHB_index,point,点采样,ratio,raw_band,4,0.408987244195363,0.408987244195363
FHB_index,point,点采样,rel,raw_band,6,0.40181013830899776,0.408987244195363
FHB_num,multi_scale,0.3/0.5/1.0m,0418,pairwise_nd,9,0.5713665618126996,0.6283437191510323
FHB_num,multi_scale,0.3/0.5/1.0m,diff,named_index,4,0.5935660672888384,0.603209970384991
FHB_num,multi_scale,0.3/0.5/1.0m,diff,pairwise_nd,2,0.5913151891828988,0.5936738558178553
FHB_num,multi_scale,0.3/0.5/1.0m,ratio,named_index,5,0.5584866075453975,0.5847210674077518
FHB_num,multi_scale,0.3/0.5/1.0m,rel,named_index,6,0.5540964441635592,0.5847210674077518
FHB_num,multi_scale,0.3/0.5/1.0m,0418,named_index,1,0.5800798201583213,0.5800798201583213
FHB_num,multi_scale,0.3/0.5/1.0m,0510,named_index,2,0.5340985017800843,0.5340985017800843
FHB_num,multi_scale,0.3/0.5/1.0m,0510,pairwise_nd,1,0.5340985017800843,0.5340985017800843
FHB_num,one_sqft,1平方尺,ratio,raw_band,6,0.4215715044876549,0.4633131407245634
FHB_num,one_sqft,1平方尺,rel,raw_band,6,0.4215715044876549,0.4633131407245634
FHB_num,one_sqft,1平方尺,diff,named_index,3,0.4198595690267994,0.4333859726681267
FHB_num,one_sqft,1平方尺,diff,pairwise_nd,2,0.4056652992056815,0.4333859726681267
FHB_num,one_sqft,1平方尺,ratio,named_index,2,0.41635538508346803,0.417154288298534
FHB_num,one_sqft,1平方尺,rel,named_index,2,0.41635538508346803,0.417154288298534
FHB_num,one_sqft,1平方尺,diff,raw_band,5,0.3992060516779223,0.415495354907344
FHB_num,one_sqft,1平方尺,0418,pairwise_nd,2,0.4031037365161052,0.4061471773354039
FHB_num,one_sqft,1平方尺,0510,raw_band,2,0.3870369051908912,0.3881147904810594
FHB_num,point,点采样,diff,named_index,4,0.46598883244486344,0.4704145026362602
FHB_num,point,点采样,diff,pairwise_nd,2,0.4615631622534666,0.4615631622534666
FHB_num,point,点采样,0418,named_index,4,0.422759291807409,0.422759291807409
FHB_num,point,点采样,0418,pairwise_nd,2,0.422759291807409,0.422759291807409
FHB_num,point,点采样,ratio,raw_band,5,0.4135883901385891,0.4187267327218383
FHB_num,point,点采样,rel,raw_band,5,0.4135883901385891,0.4187267327218383
FHB_num,point,点采样,ratio,named_index,4,0.40014906272070283,0.4005928978401838
FHB_num,point,点采样,rel,named_index,4,0.40014906272070283,0.4005928978401838
FHB_rate,multi_scale,0.3/0.5/1.0m,0418,pairwise_nd,8,0.5578138484131846,0.6122086852425217
FHB_rate,multi_scale,0.3/0.5/1.0m,diff,named_index,4,0.5943094307061507,0.6109400780550047
FHB_rate,multi_scale,0.3/0.5/1.0m,diff,pairwise_nd,2,0.5949106976544009,0.6067378167463551
FHB_rate,multi_scale,0.3/0.5/1.0m,ratio,named_index,6,0.5712168154958824,0.5966418178790333
FHB_rate,multi_scale,0.3/0.5/1.0m,rel,named_index,6,0.5712168154958824,0.5966418178790333
FHB_rate,multi_scale,0.3/0.5/1.0m,0418,named_index,1,0.5661159574294083,0.5661159574294083
FHB_rate,multi_scale,0.3/0.5/1.0m,0510,named_index,2,0.5511305350268652,0.5511305350268652
FHB_rate,multi_scale,0.3/0.5/1.0m,0510,pairwise_nd,1,0.5511305350268652,0.5511305350268652
FHB_rate,one_sqft,1平方尺,ratio,raw_band,8,0.43840289322360726,0.501311273600421
FHB_rate,one_sqft,1平方尺,rel,raw_band,8,0.43840289322360726,0.501311273600421
FHB_rate,one_sqft,1平方尺,diff,raw_band,7,0.4215685431346828,0.4587509735555706
FHB_rate,one_sqft,1平方尺,0510,raw_band,4,0.4143125713189898,0.4281813551033541
FHB_rate,one_sqft,1平方尺,diff,named_index,2,0.406482886333534,0.4088350954937216
FHB_rate,one_sqft,1平方尺,diff,pairwise_nd,1,0.4088350954937216,0.4088350954937216
FHB_rate,point,点采样,diff,named_index,4,0.4579539800353909,0.4632530579749145
FHB_rate,point,点采样,ratio,raw_band,8,0.44528112281842536,0.4532892056896257
FHB_rate,point,点采样,rel,raw_band,8,0.44528112281842536,0.4532892056896257
FHB_rate,point,点采样,diff,pairwise_nd,2,0.4526549020958673,0.4526549020958673
FHB_rate,point,点采样,diff,raw_band,4,0.4308242867440142,0.4308242867440142
FHB_rate,point,点采样,0418,named_index,2,0.4269656065486504,0.4269656065486504
FHB_rate,point,点采样,0418,pairwise_nd,2,0.4269656065486504,0.4269656065486504
Flower_num,multi_scale,0.3/0.5/1.0m,0510,pairwise_nd,5,0.678885943887377,0.7416132992408726
Flower_num,multi_scale,0.3/0.5/1.0m,ratio,named_index,6,0.662140739817279,0.7016531531645023
Flower_num,multi_scale,0.3/0.5/1.0m,rel,named_index,6,0.662140739817279,0.7016531531645023
Flower_num,multi_scale,0.3/0.5/1.0m,diff,named_index,2,0.6752089388492573,0.6993025563364804
Flower_num,multi_scale,0.3/0.5/1.0m,0510,named_index,7,0.6698961103042896,0.6823446792200376
Flower_num,multi_scale,0.3/0.5/1.0m,diff,pairwise_nd,1,0.651115321362034,0.651115321362034
Flower_num,multi_scale,0.3/0.5/1.0m,ratio,raw_band,1,0.651115321362034,0.651115321362034
Flower_num,multi_scale,0.3/0.5/1.0m,rel,raw_band,1,0.651115321362034,0.651115321362034
Flower_num,multi_scale,0.3/0.5/1.0m,0510,raw_band,1,0.6413771345030865,0.6413771345030865
Flower_num,one_sqft,1平方尺,0510,pairwise_nd,4,0.5920985510013441,0.6586708111663896
Flower_num,one_sqft,1平方尺,diff,named_index,7,0.5592741452957543,0.595876295903522
Flower_num,one_sqft,1平方尺,ratio,named_index,7,0.5611210428034857,0.59318989952864
Flower_num,one_sqft,1平方尺,rel,named_index,7,0.5611210428034857,0.59318989952864
Flower_num,one_sqft,1平方尺,0510,named_index,1,0.5713629289827235,0.5713629289827235
Flower_num,one_sqft,1平方尺,diff,pairwise_nd,4,0.551592730661326,0.5586025462020338
Flower_num,point,点采样,diff,pairwise_nd,8,0.5635136145748649,0.5992342913721246
Flower_num,point,点采样,0510,pairwise_nd,6,0.5383986067992751,0.5549087511865709
Flower_num,point,点采样,ratio,named_index,4,0.528548486758041,0.5408051702184402
Flower_num,point,点采样,rel,named_index,4,0.528548486758041,0.5408051702184402
Flower_num,point,点采样,diff,named_index,4,0.5287163865314711,0.5300595847189121
Flower_num,point,点采样,0510,named_index,4,0.5195658488795292,0.524686791969148
Flower_rat,multi_scale,0.3/0.5/1.0m,0510,pairwise_nd,5,0.678885943887377,0.7416132992408726
Flower_rat,multi_scale,0.3/0.5/1.0m,ratio,named_index,6,0.662140739817279,0.7016531531645023
Flower_rat,multi_scale,0.3/0.5/1.0m,rel,named_index,6,0.662140739817279,0.7016531531645023
Flower_rat,multi_scale,0.3/0.5/1.0m,diff,named_index,2,0.6752089388492573,0.6993025563364804
Flower_rat,multi_scale,0.3/0.5/1.0m,0510,named_index,7,0.6698961103042896,0.6823446792200376
Flower_rat,multi_scale,0.3/0.5/1.0m,diff,pairwise_nd,1,0.651115321362034,0.651115321362034
Flower_rat,multi_scale,0.3/0.5/1.0m,ratio,raw_band,1,0.651115321362034,0.651115321362034
Flower_rat,multi_scale,0.3/0.5/1.0m,rel,raw_band,1,0.651115321362034,0.651115321362034
Flower_rat,multi_scale,0.3/0.5/1.0m,0510,raw_band,1,0.6413771345030865,0.6413771345030865
Flower_rat,one_sqft,1平方尺,0510,pairwise_nd,4,0.5920985510013441,0.6586708111663896
Flower_rat,one_sqft,1平方尺,diff,named_index,7,0.5592741452957543,0.595876295903522
Flower_rat,one_sqft,1平方尺,ratio,named_index,7,0.5611210428034857,0.59318989952864
Flower_rat,one_sqft,1平方尺,rel,named_index,7,0.5611210428034857,0.59318989952864
Flower_rat,one_sqft,1平方尺,0510,named_index,1,0.5713629289827235,0.5713629289827235
Flower_rat,one_sqft,1平方尺,diff,pairwise_nd,4,0.551592730661326,0.5586025462020338
Flower_rat,point,点采样,diff,pairwise_nd,8,0.5635136145748649,0.5992342913721246
Flower_rat,point,点采样,0510,pairwise_nd,6,0.5383986067992751,0.5549087511865709
Flower_rat,point,点采样,ratio,named_index,4,0.528548486758041,0.5408051702184402
Flower_rat,point,点采样,rel,named_index,4,0.528548486758041,0.5408051702184402
Flower_rat,point,点采样,diff,named_index,4,0.5287163865314711,0.5300595847189121
Flower_rat,point,点采样,0510,named_index,4,0.5195658488795292,0.524686791969148
