dataset,dataset_name,target,model,cv,n,n_features,r2,rmse,mae,pearson_r,spearman_r,features,r2_rank_value
point,点采样,Flower_num,LinearRegression,LOOCV,33,25,-2.3063465902118443,16.079516109599815,11.763949573957689,-0.008524489536456,0.0270318635222505,diff_rpt_ND_B1_B5_mean;diff_rpt_ND_B1_B5_median;diff_rpt_ND_B1_B6_mean;diff_rpt_ND_B1_B6_median;0510_rpt_ND_B1_B6_mean;0510_rpt_ND_B1_B6_median;ratio_rpt_GNDVI_mean;rel_rpt_GNDVI_mean;ratio_rpt_GNDVI_median;rel_rpt_GNDVI_median;diff_rpt_ND_B2_B5_mean;diff_rpt_ND_B2_B5_median;0510_rpt_ND_B1_B5_mean;0510_rpt_ND_B1_B5_median;diff_rpt_ND_B2_B6_mean;diff_rpt_ND_B2_B6_median;diff_rpt_GNDVI_mean;diff_rpt_GNDVI_median;diff_rpt_DVI_mean;diff_rpt_DVI_median;0510_rpt_ND_B2_B6_mean;0510_rpt_ND_B2_B6_median;0510_rpt_GNDVI_mean;0510_rpt_GNDVI_median;ratio_rpt_DVI_mean,-2.3063465902118443
point,点采样,Flower_num,Ridge,LOOCV,33,25,-0.0266125734849669,8.959877586565437,7.413384193519066,0.2654183651718671,0.4009446589511441,diff_rpt_ND_B1_B5_mean;diff_rpt_ND_B1_B5_median;diff_rpt_ND_B1_B6_mean;diff_rpt_ND_B1_B6_median;0510_rpt_ND_B1_B6_mean;0510_rpt_ND_B1_B6_median;ratio_rpt_GNDVI_mean;rel_rpt_GNDVI_mean;ratio_rpt_GNDVI_median;rel_rpt_GNDVI_median;diff_rpt_ND_B2_B5_mean;diff_rpt_ND_B2_B5_median;0510_rpt_ND_B1_B5_mean;0510_rpt_ND_B1_B5_median;diff_rpt_ND_B2_B6_mean;diff_rpt_ND_B2_B6_median;diff_rpt_GNDVI_mean;diff_rpt_GNDVI_median;diff_rpt_DVI_mean;diff_rpt_DVI_median;0510_rpt_ND_B2_B6_mean;0510_rpt_ND_B2_B6_median;0510_rpt_GNDVI_mean;0510_rpt_GNDVI_median;ratio_rpt_DVI_mean,-0.0266125734849669
point,点采样,Flower_num,Lasso,LOOCV,33,25,-0.2183407338158345,9.760749540791496,8.142032434383465,0.1427973050927358,0.2595730497229769,diff_rpt_ND_B1_B5_mean;diff_rpt_ND_B1_B5_median;diff_rpt_ND_B1_B6_mean;diff_rpt_ND_B1_B6_median;0510_rpt_ND_B1_B6_mean;0510_rpt_ND_B1_B6_median;ratio_rpt_GNDVI_mean;rel_rpt_GNDVI_mean;ratio_rpt_GNDVI_median;rel_rpt_GNDVI_median;diff_rpt_ND_B2_B5_mean;diff_rpt_ND_B2_B5_median;0510_rpt_ND_B1_B5_mean;0510_rpt_ND_B1_B5_median;diff_rpt_ND_B2_B6_mean;diff_rpt_ND_B2_B6_median;diff_rpt_GNDVI_mean;diff_rpt_GNDVI_median;diff_rpt_DVI_mean;diff_rpt_DVI_median;0510_rpt_ND_B2_B6_mean;0510_rpt_ND_B2_B6_median;0510_rpt_GNDVI_mean;0510_rpt_GNDVI_median;ratio_rpt_DVI_mean,-0.2183407338158345
point,点采样,Flower_num,ElasticNet,LOOCV,33,25,-0.0569883095319634,9.091465157898623,7.550698527092919,0.2422334974520605,0.3655178067573872,diff_rpt_ND_B1_B5_mean;diff_rpt_ND_B1_B5_median;diff_rpt_ND_B1_B6_mean;diff_rpt_ND_B1_B6_median;0510_rpt_ND_B1_B6_mean;0510_rpt_ND_B1_B6_median;ratio_rpt_GNDVI_mean;rel_rpt_GNDVI_mean;ratio_rpt_GNDVI_median;rel_rpt_GNDVI_median;diff_rpt_ND_B2_B5_mean;diff_rpt_ND_B2_B5_median;0510_rpt_ND_B1_B5_mean;0510_rpt_ND_B1_B5_median;diff_rpt_ND_B2_B6_mean;diff_rpt_ND_B2_B6_median;diff_rpt_GNDVI_mean;diff_rpt_GNDVI_median;diff_rpt_DVI_mean;diff_rpt_DVI_median;0510_rpt_ND_B2_B6_mean;0510_rpt_ND_B2_B6_median;0510_rpt_GNDVI_mean;0510_rpt_GNDVI_median;ratio_rpt_DVI_mean,-0.0569883095319634
point,点采样,Flower_num,PLSRegression,LOOCV,33,25,-0.1558413618438823,9.50709650811444,7.880964506498515,0.2305770392849032,0.3279082575090387,diff_rpt_ND_B1_B5_mean;diff_rpt_ND_B1_B5_median;diff_rpt_ND_B1_B6_mean;diff_rpt_ND_B1_B6_median;0510_rpt_ND_B1_B6_mean;0510_rpt_ND_B1_B6_median;ratio_rpt_GNDVI_mean;rel_rpt_GNDVI_mean;ratio_rpt_GNDVI_median;rel_rpt_GNDVI_median;diff_rpt_ND_B2_B5_mean;diff_rpt_ND_B2_B5_median;0510_rpt_ND_B1_B5_mean;0510_rpt_ND_B1_B5_median;diff_rpt_ND_B2_B6_mean;diff_rpt_ND_B2_B6_median;diff_rpt_GNDVI_mean;diff_rpt_GNDVI_median;diff_rpt_DVI_mean;diff_rpt_DVI_median;0510_rpt_ND_B2_B6_mean;0510_rpt_ND_B2_B6_median;0510_rpt_GNDVI_mean;0510_rpt_GNDVI_median;ratio_rpt_DVI_mean,-0.1558413618438823
point,点采样,Flower_num,RandomForest,LOOCV,33,25,0.009553535935737,8.800640680554563,7.546666762250095,0.2769324200009254,0.2943283028230132,diff_rpt_ND_B1_B5_mean;diff_rpt_ND_B1_B5_median;diff_rpt_ND_B1_B6_mean;diff_rpt_ND_B1_B6_median;0510_rpt_ND_B1_B6_mean;0510_rpt_ND_B1_B6_median;ratio_rpt_GNDVI_mean;rel_rpt_GNDVI_mean;ratio_rpt_GNDVI_median;rel_rpt_GNDVI_median;diff_rpt_ND_B2_B5_mean;diff_rpt_ND_B2_B5_median;0510_rpt_ND_B1_B5_mean;0510_rpt_ND_B1_B5_median;diff_rpt_ND_B2_B6_mean;diff_rpt_ND_B2_B6_median;diff_rpt_GNDVI_mean;diff_rpt_GNDVI_median;diff_rpt_DVI_mean;diff_rpt_DVI_median;0510_rpt_ND_B2_B6_mean;0510_rpt_ND_B2_B6_median;0510_rpt_GNDVI_mean;0510_rpt_GNDVI_median;ratio_rpt_DVI_mean,0.009553535935737
point,点采样,Flower_rat,LinearRegression,LOOCV,33,25,-2.3065588982504357,53.6020567042551,39.215815538817566,-0.0085403566908744,0.0270318635222505,diff_rpt_ND_B1_B5_mean;diff_rpt_ND_B1_B5_median;diff_rpt_ND_B1_B6_mean;diff_rpt_ND_B1_B6_median;0510_rpt_ND_B1_B6_mean;0510_rpt_ND_B1_B6_median;ratio_rpt_GNDVI_mean;rel_rpt_GNDVI_mean;ratio_rpt_GNDVI_median;rel_rpt_GNDVI_median;diff_rpt_ND_B2_B5_mean;diff_rpt_ND_B2_B5_median;0510_rpt_ND_B1_B5_mean;0510_rpt_ND_B1_B5_median;diff_rpt_ND_B2_B6_mean;diff_rpt_ND_B2_B6_median;diff_rpt_GNDVI_mean;diff_rpt_GNDVI_median;diff_rpt_DVI_mean;diff_rpt_DVI_median;0510_rpt_ND_B2_B6_mean;0510_rpt_ND_B2_B6_median;0510_rpt_GNDVI_mean;0510_rpt_GNDVI_median;rel_rpt_DVI_mean,-2.3065588982504357
point,点采样,Flower_rat,Ridge,LOOCV,33,25,-0.0266509242757424,29.86790240482476,24.712827441388463,0.2653702136993196,0.4009446589511441,diff_rpt_ND_B1_B5_mean;diff_rpt_ND_B1_B5_median;diff_rpt_ND_B1_B6_mean;diff_rpt_ND_B1_B6_median;0510_rpt_ND_B1_B6_mean;0510_rpt_ND_B1_B6_median;ratio_rpt_GNDVI_mean;rel_rpt_GNDVI_mean;ratio_rpt_GNDVI_median;rel_rpt_GNDVI_median;diff_rpt_ND_B2_B5_mean;diff_rpt_ND_B2_B5_median;0510_rpt_ND_B1_B5_mean;0510_rpt_ND_B1_B5_median;diff_rpt_ND_B2_B6_mean;diff_rpt_ND_B2_B6_median;diff_rpt_GNDVI_mean;diff_rpt_GNDVI_median;diff_rpt_DVI_mean;diff_rpt_DVI_median;0510_rpt_ND_B2_B6_mean;0510_rpt_ND_B2_B6_median;0510_rpt_GNDVI_mean;0510_rpt_GNDVI_median;rel_rpt_DVI_mean,-0.0266509242757424
point,点采样,Flower_rat,Lasso,LOOCV,33,25,-0.4907028673156626,35.99058167713957,29.036055956559107,0.0884830547577917,0.2511780610514705,diff_rpt_ND_B1_B5_mean;diff_rpt_ND_B1_B5_median;diff_rpt_ND_B1_B6_mean;diff_rpt_ND_B1_B6_median;0510_rpt_ND_B1_B6_mean;0510_rpt_ND_B1_B6_median;ratio_rpt_GNDVI_mean;rel_rpt_GNDVI_mean;ratio_rpt_GNDVI_median;rel_rpt_GNDVI_median;diff_rpt_ND_B2_B5_mean;diff_rpt_ND_B2_B5_median;0510_rpt_ND_B1_B5_mean;0510_rpt_ND_B1_B5_median;diff_rpt_ND_B2_B6_mean;diff_rpt_ND_B2_B6_median;diff_rpt_GNDVI_mean;diff_rpt_GNDVI_median;diff_rpt_DVI_mean;diff_rpt_DVI_median;0510_rpt_ND_B2_B6_mean;0510_rpt_ND_B2_B6_median;0510_rpt_GNDVI_mean;0510_rpt_GNDVI_median;rel_rpt_DVI_mean,-0.4907028673156626
point,点采样,Flower_rat,ElasticNet,LOOCV,33,25,-0.0536065329536641,30.25746570771984,25.06148539979034,0.2437124956613448,0.358633916046752,diff_rpt_ND_B1_B5_mean;diff_rpt_ND_B1_B5_median;diff_rpt_ND_B1_B6_mean;diff_rpt_ND_B1_B6_median;0510_rpt_ND_B1_B6_mean;0510_rpt_ND_B1_B6_median;ratio_rpt_GNDVI_mean;rel_rpt_GNDVI_mean;ratio_rpt_GNDVI_median;rel_rpt_GNDVI_median;diff_rpt_ND_B2_B5_mean;diff_rpt_ND_B2_B5_median;0510_rpt_ND_B1_B5_mean;0510_rpt_ND_B1_B5_median;diff_rpt_ND_B2_B6_mean;diff_rpt_ND_B2_B6_median;diff_rpt_GNDVI_mean;diff_rpt_GNDVI_median;diff_rpt_DVI_mean;diff_rpt_DVI_median;0510_rpt_ND_B2_B6_mean;0510_rpt_ND_B2_B6_median;0510_rpt_GNDVI_mean;0510_rpt_GNDVI_median;rel_rpt_DVI_mean,-0.0536065329536641
point,点采样,Flower_rat,PLSRegression,LOOCV,33,25,-0.15592230978607,31.69258364925485,26.271798745638712,0.2305095622189584,0.3279082575090387,diff_rpt_ND_B1_B5_mean;diff_rpt_ND_B1_B5_median;diff_rpt_ND_B1_B6_mean;diff_rpt_ND_B1_B6_median;0510_rpt_ND_B1_B6_mean;0510_rpt_ND_B1_B6_median;ratio_rpt_GNDVI_mean;rel_rpt_GNDVI_mean;ratio_rpt_GNDVI_median;rel_rpt_GNDVI_median;diff_rpt_ND_B2_B5_mean;diff_rpt_ND_B2_B5_median;0510_rpt_ND_B1_B5_mean;0510_rpt_ND_B1_B5_median;diff_rpt_ND_B2_B6_mean;diff_rpt_ND_B2_B6_median;diff_rpt_GNDVI_mean;diff_rpt_GNDVI_median;diff_rpt_DVI_mean;diff_rpt_DVI_median;0510_rpt_ND_B2_B6_mean;0510_rpt_ND_B2_B6_median;0510_rpt_GNDVI_mean;0510_rpt_GNDVI_median;rel_rpt_DVI_mean,-0.15592230978607
point,点采样,Flower_rat,RandomForest,LOOCV,33,25,0.0095062639063749,29.33723563118848,25.164224770434387,0.2773471195697544,0.2887876102998191,diff_rpt_ND_B1_B5_mean;diff_rpt_ND_B1_B5_median;diff_rpt_ND_B1_B6_mean;diff_rpt_ND_B1_B6_median;0510_rpt_ND_B1_B6_mean;0510_rpt_ND_B1_B6_median;ratio_rpt_GNDVI_mean;rel_rpt_GNDVI_mean;ratio_rpt_GNDVI_median;rel_rpt_GNDVI_median;diff_rpt_ND_B2_B5_mean;diff_rpt_ND_B2_B5_median;0510_rpt_ND_B1_B5_mean;0510_rpt_ND_B1_B5_median;diff_rpt_ND_B2_B6_mean;diff_rpt_ND_B2_B6_median;diff_rpt_GNDVI_mean;diff_rpt_GNDVI_median;diff_rpt_DVI_mean;diff_rpt_DVI_median;0510_rpt_ND_B2_B6_mean;0510_rpt_ND_B2_B6_median;0510_rpt_GNDVI_mean;0510_rpt_GNDVI_median;rel_rpt_DVI_mean,0.0095062639063749
point,点采样,FHB_num,LinearRegression,5-fold,63,25,0.1254654312465414,4.198278247426374,2.624530400282338,0.3936694376251618,0.503562645559788,diff_rpt_CI_RE2_mean;diff_rpt_CI_RE2_median;diff_rpt_ND_B5_B6_mean;diff_rpt_ND_B5_B6_median;diff_rpt_NDRE2_mean;diff_rpt_NDRE2_median;0418_rpt_CI_RE2_mean;0418_rpt_CI_RE2_median;0418_rpt_ND_B5_B6_mean;0418_rpt_ND_B5_B6_median;0418_rpt_NDRE2_mean;0418_rpt_NDRE2_median;ratio_rpt_B2_mean;ratio_rpt_B2_median;ratio_rpt_B2_p25;ratio_rpt_B2_p75;rel_rpt_B2_mean;rel_rpt_B2_median;rel_rpt_B2_p25;rel_rpt_B2_p75;ratio_rpt_CI_RE2_mean;rel_rpt_CI_RE2_mean;ratio_rpt_CI_RE2_median;rel_rpt_CI_RE2_median;ratio_rpt_NDRE2_mean,0.1254654312465414
point,点采样,FHB_num,Ridge,5-fold,63,25,0.1664346666534061,4.0987605788772425,2.6090539782736526,0.4265532763206823,0.5084828748843208,diff_rpt_CI_RE2_mean;diff_rpt_CI_RE2_median;diff_rpt_ND_B5_B6_mean;diff_rpt_ND_B5_B6_median;diff_rpt_NDRE2_mean;diff_rpt_NDRE2_median;0418_rpt_CI_RE2_mean;0418_rpt_CI_RE2_median;0418_rpt_ND_B5_B6_mean;0418_rpt_ND_B5_B6_median;0418_rpt_NDRE2_mean;0418_rpt_NDRE2_median;ratio_rpt_B2_mean;ratio_rpt_B2_median;ratio_rpt_B2_p25;ratio_rpt_B2_p75;rel_rpt_B2_mean;rel_rpt_B2_median;rel_rpt_B2_p25;rel_rpt_B2_p75;ratio_rpt_CI_RE2_mean;rel_rpt_CI_RE2_mean;ratio_rpt_CI_RE2_median;rel_rpt_CI_RE2_median;ratio_rpt_NDRE2_mean,0.1664346666534061
point,点采样,FHB_num,Lasso,5-fold,63,25,0.1413405214813382,4.159998867595854,2.6246762775071897,0.4056128580687624,0.4949142012316143,diff_rpt_CI_RE2_mean;diff_rpt_CI_RE2_median;diff_rpt_ND_B5_B6_mean;diff_rpt_ND_B5_B6_median;diff_rpt_NDRE2_mean;diff_rpt_NDRE2_median;0418_rpt_CI_RE2_mean;0418_rpt_CI_RE2_median;0418_rpt_ND_B5_B6_mean;0418_rpt_ND_B5_B6_median;0418_rpt_NDRE2_mean;0418_rpt_NDRE2_median;ratio_rpt_B2_mean;ratio_rpt_B2_median;ratio_rpt_B2_p25;ratio_rpt_B2_p75;rel_rpt_B2_mean;rel_rpt_B2_median;rel_rpt_B2_p25;rel_rpt_B2_p75;ratio_rpt_CI_RE2_mean;rel_rpt_CI_RE2_mean;ratio_rpt_CI_RE2_median;rel_rpt_CI_RE2_median;ratio_rpt_NDRE2_mean,0.1413405214813382
point,点采样,FHB_num,ElasticNet,5-fold,63,25,0.1586359880381587,4.117889553229974,2.615385537910526,0.4197075331744596,0.5025228032798609,diff_rpt_CI_RE2_mean;diff_rpt_CI_RE2_median;diff_rpt_ND_B5_B6_mean;diff_rpt_ND_B5_B6_median;diff_rpt_NDRE2_mean;diff_rpt_NDRE2_median;0418_rpt_CI_RE2_mean;0418_rpt_CI_RE2_median;0418_rpt_ND_B5_B6_mean;0418_rpt_ND_B5_B6_median;0418_rpt_NDRE2_mean;0418_rpt_NDRE2_median;ratio_rpt_B2_mean;ratio_rpt_B2_median;ratio_rpt_B2_p25;ratio_rpt_B2_p75;rel_rpt_B2_mean;rel_rpt_B2_median;rel_rpt_B2_p25;rel_rpt_B2_p75;ratio_rpt_CI_RE2_mean;rel_rpt_CI_RE2_mean;ratio_rpt_CI_RE2_median;rel_rpt_CI_RE2_median;ratio_rpt_NDRE2_mean,0.1586359880381587
point,点采样,FHB_num,PLSRegression,5-fold,63,25,0.1327156980866515,4.1808392639557015,2.700667305515607,0.4086824171175101,0.4940011689858246,diff_rpt_CI_RE2_mean;diff_rpt_CI_RE2_median;diff_rpt_ND_B5_B6_mean;diff_rpt_ND_B5_B6_median;diff_rpt_NDRE2_mean;diff_rpt_NDRE2_median;0418_rpt_CI_RE2_mean;0418_rpt_CI_RE2_median;0418_rpt_ND_B5_B6_mean;0418_rpt_ND_B5_B6_median;0418_rpt_NDRE2_mean;0418_rpt_NDRE2_median;ratio_rpt_B2_mean;ratio_rpt_B2_median;ratio_rpt_B2_p25;ratio_rpt_B2_p75;rel_rpt_B2_mean;rel_rpt_B2_median;rel_rpt_B2_p25;rel_rpt_B2_p75;ratio_rpt_CI_RE2_mean;rel_rpt_CI_RE2_mean;ratio_rpt_CI_RE2_median;rel_rpt_CI_RE2_median;ratio_rpt_NDRE2_mean,0.1327156980866515
point,点采样,FHB_num,RandomForest,5-fold,63,25,0.1413724700976896,4.159921475190908,2.462834289167623,0.3944308532048369,0.497906918037258,diff_rpt_CI_RE2_mean;diff_rpt_CI_RE2_median;diff_rpt_ND_B5_B6_mean;diff_rpt_ND_B5_B6_median;diff_rpt_NDRE2_mean;diff_rpt_NDRE2_median;0418_rpt_CI_RE2_mean;0418_rpt_CI_RE2_median;0418_rpt_ND_B5_B6_mean;0418_rpt_ND_B5_B6_median;0418_rpt_NDRE2_mean;0418_rpt_NDRE2_median;ratio_rpt_B2_mean;ratio_rpt_B2_median;ratio_rpt_B2_p25;ratio_rpt_B2_p75;rel_rpt_B2_mean;rel_rpt_B2_median;rel_rpt_B2_p25;rel_rpt_B2_p75;ratio_rpt_CI_RE2_mean;rel_rpt_CI_RE2_mean;ratio_rpt_CI_RE2_median;rel_rpt_CI_RE2_median;ratio_rpt_NDRE2_mean,0.1413724700976896
point,点采样,FHB_rate,LinearRegression,5-fold,62,25,0.0377541969880913,8.103464143818451,5.747311986449805,0.353794120821124,0.4304014176815086,diff_rpt_CI_RE2_mean;diff_rpt_CI_RE2_median;ratio_rpt_B2_mean;ratio_rpt_B2_median;ratio_rpt_B2_p25;ratio_rpt_B2_p75;rel_rpt_B2_mean;rel_rpt_B2_median;rel_rpt_B2_p25;rel_rpt_B2_p75;diff_rpt_ND_B5_B6_mean;diff_rpt_ND_B5_B6_median;diff_rpt_NDRE2_mean;diff_rpt_NDRE2_median;ratio_rpt_B1_mean;ratio_rpt_B1_median;ratio_rpt_B1_p25;ratio_rpt_B1_p75;rel_rpt_B1_mean;rel_rpt_B1_median;rel_rpt_B1_p25;rel_rpt_B1_p75;diff_rpt_B1_mean;diff_rpt_B1_median;diff_rpt_B1_p25,0.0377541969880913
point,点采样,FHB_rate,Ridge,5-fold,62,25,0.0647750388334802,7.988877224678294,5.587050505703181,0.3700357427788978,0.4858765528189656,diff_rpt_CI_RE2_mean;diff_rpt_CI_RE2_median;ratio_rpt_B2_mean;ratio_rpt_B2_median;ratio_rpt_B2_p25;ratio_rpt_B2_p75;rel_rpt_B2_mean;rel_rpt_B2_median;rel_rpt_B2_p25;rel_rpt_B2_p75;diff_rpt_ND_B5_B6_mean;diff_rpt_ND_B5_B6_median;diff_rpt_NDRE2_mean;diff_rpt_NDRE2_median;ratio_rpt_B1_mean;ratio_rpt_B1_median;ratio_rpt_B1_p25;ratio_rpt_B1_p75;rel_rpt_B1_mean;rel_rpt_B1_median;rel_rpt_B1_p25;rel_rpt_B1_p75;diff_rpt_B1_mean;diff_rpt_B1_median;diff_rpt_B1_p25,0.0647750388334802
point,点采样,FHB_rate,Lasso,5-fold,62,25,0.0825399917742997,7.912637561658546,5.56442102688594,0.3810709452351303,0.4787934960219963,diff_rpt_CI_RE2_mean;diff_rpt_CI_RE2_median;ratio_rpt_B2_mean;ratio_rpt_B2_median;ratio_rpt_B2_p25;ratio_rpt_B2_p75;rel_rpt_B2_mean;rel_rpt_B2_median;rel_rpt_B2_p25;rel_rpt_B2_p75;diff_rpt_ND_B5_B6_mean;diff_rpt_ND_B5_B6_median;diff_rpt_NDRE2_mean;diff_rpt_NDRE2_median;ratio_rpt_B1_mean;ratio_rpt_B1_median;ratio_rpt_B1_p25;ratio_rpt_B1_p75;rel_rpt_B1_mean;rel_rpt_B1_median;rel_rpt_B1_p25;rel_rpt_B1_p75;diff_rpt_B1_mean;diff_rpt_B1_median;diff_rpt_B1_p25,0.0825399917742997
point,点采样,FHB_rate,ElasticNet,5-fold,62,25,0.0707283974051576,7.963409244394182,5.583344661167557,0.3740226504212389,0.4783177683266775,diff_rpt_CI_RE2_mean;diff_rpt_CI_RE2_median;ratio_rpt_B2_mean;ratio_rpt_B2_median;ratio_rpt_B2_p25;ratio_rpt_B2_p75;rel_rpt_B2_mean;rel_rpt_B2_median;rel_rpt_B2_p25;rel_rpt_B2_p75;diff_rpt_ND_B5_B6_mean;diff_rpt_ND_B5_B6_median;diff_rpt_NDRE2_mean;diff_rpt_NDRE2_median;ratio_rpt_B1_mean;ratio_rpt_B1_median;ratio_rpt_B1_p25;ratio_rpt_B1_p75;rel_rpt_B1_mean;rel_rpt_B1_median;rel_rpt_B1_p25;rel_rpt_B1_p75;diff_rpt_B1_mean;diff_rpt_B1_median;diff_rpt_B1_p25,0.0707283974051576
point,点采样,FHB_rate,PLSRegression,5-fold,62,25,0.037754196988092,8.103464143818448,5.747311986449811,0.3537941208211255,0.4304014176815086,diff_rpt_CI_RE2_mean;diff_rpt_CI_RE2_median;ratio_rpt_B2_mean;ratio_rpt_B2_median;ratio_rpt_B2_p25;ratio_rpt_B2_p75;rel_rpt_B2_mean;rel_rpt_B2_median;rel_rpt_B2_p25;rel_rpt_B2_p75;diff_rpt_ND_B5_B6_mean;diff_rpt_ND_B5_B6_median;diff_rpt_NDRE2_mean;diff_rpt_NDRE2_median;ratio_rpt_B1_mean;ratio_rpt_B1_median;ratio_rpt_B1_p25;ratio_rpt_B1_p75;rel_rpt_B1_mean;rel_rpt_B1_median;rel_rpt_B1_p25;rel_rpt_B1_p75;diff_rpt_B1_mean;diff_rpt_B1_median;diff_rpt_B1_p25,0.037754196988092
point,点采样,FHB_rate,RandomForest,5-fold,62,25,0.2225781316181574,7.28376756613259,4.562059228174753,0.4844843190121513,0.5220582869796033,diff_rpt_CI_RE2_mean;diff_rpt_CI_RE2_median;ratio_rpt_B2_mean;ratio_rpt_B2_median;ratio_rpt_B2_p25;ratio_rpt_B2_p75;rel_rpt_B2_mean;rel_rpt_B2_median;rel_rpt_B2_p25;rel_rpt_B2_p75;diff_rpt_ND_B5_B6_mean;diff_rpt_ND_B5_B6_median;diff_rpt_NDRE2_mean;diff_rpt_NDRE2_median;ratio_rpt_B1_mean;ratio_rpt_B1_median;ratio_rpt_B1_p25;ratio_rpt_B1_p75;rel_rpt_B1_mean;rel_rpt_B1_median;rel_rpt_B1_p25;rel_rpt_B1_p75;diff_rpt_B1_mean;diff_rpt_B1_median;diff_rpt_B1_p25,0.2225781316181574
point,点采样,FHB_index,LinearRegression,5-fold,62,25,0.2127486704370675,0.0672117378399042,0.0429843539917658,0.5125735891574917,0.4549871931866975,diff_rpt_CI_RE2_mean;diff_rpt_CI_RE2_median;diff_rpt_ND_B5_B6_mean;diff_rpt_ND_B5_B6_median;diff_rpt_NDRE2_mean;diff_rpt_NDRE2_median;0418_rpt_CI_RE2_mean;0418_rpt_CI_RE2_median;0418_rpt_ND_B5_B6_mean;0418_rpt_ND_B5_B6_median;0418_rpt_NDRE2_mean;0418_rpt_NDRE2_median;rel_rpt_CI_RE2_mean;rel_rpt_CI_RE2_median;ratio_rpt_CI_RE2_mean;ratio_rpt_CI_RE2_median;ratio_rpt_NDRE2_mean;ratio_rpt_NDRE2_median;rel_rpt_NDRE2_mean;rel_rpt_NDRE2_median;ratio_rpt_B2_mean;rel_rpt_B2_mean;ratio_rpt_B2_median;rel_rpt_B2_median;ratio_rpt_B2_p25,0.2127486704370675
point,点采样,FHB_index,Ridge,5-fold,62,25,0.2700814345472726,0.0647180805763155,0.0396376943937766,0.5255806663548707,0.5582243370565292,diff_rpt_CI_RE2_mean;diff_rpt_CI_RE2_median;diff_rpt_ND_B5_B6_mean;diff_rpt_ND_B5_B6_median;diff_rpt_NDRE2_mean;diff_rpt_NDRE2_median;0418_rpt_CI_RE2_mean;0418_rpt_CI_RE2_median;0418_rpt_ND_B5_B6_mean;0418_rpt_ND_B5_B6_median;0418_rpt_NDRE2_mean;0418_rpt_NDRE2_median;rel_rpt_CI_RE2_mean;rel_rpt_CI_RE2_median;ratio_rpt_CI_RE2_mean;ratio_rpt_CI_RE2_median;ratio_rpt_NDRE2_mean;ratio_rpt_NDRE2_median;rel_rpt_NDRE2_mean;rel_rpt_NDRE2_median;ratio_rpt_B2_mean;rel_rpt_B2_mean;ratio_rpt_B2_median;rel_rpt_B2_median;ratio_rpt_B2_p25,0.2700814345472726
point,点采样,FHB_index,Lasso,5-fold,62,25,0.0925620391302297,0.0721600615449714,0.0418149236110327,0.3080879951328494,0.4805067899616207,diff_rpt_CI_RE2_mean;diff_rpt_CI_RE2_median;diff_rpt_ND_B5_B6_mean;diff_rpt_ND_B5_B6_median;diff_rpt_NDRE2_mean;diff_rpt_NDRE2_median;0418_rpt_CI_RE2_mean;0418_rpt_CI_RE2_median;0418_rpt_ND_B5_B6_mean;0418_rpt_ND_B5_B6_median;0418_rpt_NDRE2_mean;0418_rpt_NDRE2_median;rel_rpt_CI_RE2_mean;rel_rpt_CI_RE2_median;ratio_rpt_CI_RE2_mean;ratio_rpt_CI_RE2_median;ratio_rpt_NDRE2_mean;ratio_rpt_NDRE2_median;rel_rpt_NDRE2_mean;rel_rpt_NDRE2_median;ratio_rpt_B2_mean;rel_rpt_B2_mean;ratio_rpt_B2_median;rel_rpt_B2_median;ratio_rpt_B2_p25,0.0925620391302297
point,点采样,FHB_index,ElasticNet,5-fold,62,25,0.1663470800667275,0.0691641527377915,0.0408015771423971,0.4080410114472231,0.5310609225379204,diff_rpt_CI_RE2_mean;diff_rpt_CI_RE2_median;diff_rpt_ND_B5_B6_mean;diff_rpt_ND_B5_B6_median;diff_rpt_NDRE2_mean;diff_rpt_NDRE2_median;0418_rpt_CI_RE2_mean;0418_rpt_CI_RE2_median;0418_rpt_ND_B5_B6_mean;0418_rpt_ND_B5_B6_median;0418_rpt_NDRE2_mean;0418_rpt_NDRE2_median;rel_rpt_CI_RE2_mean;rel_rpt_CI_RE2_median;ratio_rpt_CI_RE2_mean;ratio_rpt_CI_RE2_median;ratio_rpt_NDRE2_mean;ratio_rpt_NDRE2_median;rel_rpt_NDRE2_mean;rel_rpt_NDRE2_median;ratio_rpt_B2_mean;rel_rpt_B2_mean;ratio_rpt_B2_median;rel_rpt_B2_median;ratio_rpt_B2_p25,0.1663470800667275
point,点采样,FHB_index,PLSRegression,5-fold,62,25,0.2532734287171718,0.0654589788446974,0.0413493188221446,0.531479643974071,0.5172366847918427,diff_rpt_CI_RE2_mean;diff_rpt_CI_RE2_median;diff_rpt_ND_B5_B6_mean;diff_rpt_ND_B5_B6_median;diff_rpt_NDRE2_mean;diff_rpt_NDRE2_median;0418_rpt_CI_RE2_mean;0418_rpt_CI_RE2_median;0418_rpt_ND_B5_B6_mean;0418_rpt_ND_B5_B6_median;0418_rpt_NDRE2_mean;0418_rpt_NDRE2_median;rel_rpt_CI_RE2_mean;rel_rpt_CI_RE2_median;ratio_rpt_CI_RE2_mean;ratio_rpt_CI_RE2_median;ratio_rpt_NDRE2_mean;ratio_rpt_NDRE2_median;rel_rpt_NDRE2_mean;rel_rpt_NDRE2_median;ratio_rpt_B2_mean;rel_rpt_B2_mean;ratio_rpt_B2_median;rel_rpt_B2_median;ratio_rpt_B2_p25,0.2532734287171718
point,点采样,FHB_index,RandomForest,5-fold,62,25,0.1833219475908519,0.0684563698839346,0.0385980730589601,0.4417558808268685,0.4484119222119549,diff_rpt_CI_RE2_mean;diff_rpt_CI_RE2_median;diff_rpt_ND_B5_B6_mean;diff_rpt_ND_B5_B6_median;diff_rpt_NDRE2_mean;diff_rpt_NDRE2_median;0418_rpt_CI_RE2_mean;0418_rpt_CI_RE2_median;0418_rpt_ND_B5_B6_mean;0418_rpt_ND_B5_B6_median;0418_rpt_NDRE2_mean;0418_rpt_NDRE2_median;rel_rpt_CI_RE2_mean;rel_rpt_CI_RE2_median;ratio_rpt_CI_RE2_mean;ratio_rpt_CI_RE2_median;ratio_rpt_NDRE2_mean;ratio_rpt_NDRE2_median;rel_rpt_NDRE2_mean;rel_rpt_NDRE2_median;ratio_rpt_B2_mean;rel_rpt_B2_mean;ratio_rpt_B2_median;rel_rpt_B2_median;ratio_rpt_B2_p25,0.1833219475908519
one_sqft,1平方尺,Flower_num,LinearRegression,LOOCV,33,25,-1.2203291354069288,13.176724495234344,11.199201115025184,0.3110069315931029,0.2810642207220332,0510_r0p172_ND_B2_B3_median;diff_r0p172_DVI_mean;rel_r0p172_DVI_median;ratio_r0p172_DVI_median;0510_r0p172_ND_B1_B3_median;0510_r0p172_ND_B2_B3_mean;0510_r0p172_EVI_median;rel_r0p172_RENDVI1_median;ratio_r0p172_RENDVI1_median;ratio_r0p172_DVI_mean;rel_r0p172_DVI_mean;diff_r0p172_DVI_median;diff_r0p172_ND_B3_B5_median;diff_r0p172_RENDVI2_median;ratio_r0p172_EVI_median;rel_r0p172_EVI_median;rel_r0p172_RENDVI2_median;ratio_r0p172_RENDVI2_median;diff_r0p172_ND_B3_B4_median;diff_r0p172_RENDVI1_median;diff_r0p172_SAVI_median;diff_r0p172_ND_B3_B6_median;diff_r0p172_NDVI_median;0510_r0p172_ND_B1_B3_mean;ratio_r0p172_SAVI_median,-1.2203291354069288
one_sqft,1平方尺,Flower_num,Ridge,LOOCV,33,25,0.0060427268324736,8.816224580687406,7.303777964861835,0.3249624184786048,0.4185741351613075,0510_r0p172_ND_B2_B3_median;diff_r0p172_DVI_mean;rel_r0p172_DVI_median;ratio_r0p172_DVI_median;0510_r0p172_ND_B1_B3_median;0510_r0p172_ND_B2_B3_mean;0510_r0p172_EVI_median;rel_r0p172_RENDVI1_median;ratio_r0p172_RENDVI1_median;ratio_r0p172_DVI_mean;rel_r0p172_DVI_mean;diff_r0p172_DVI_median;diff_r0p172_ND_B3_B5_median;diff_r0p172_RENDVI2_median;ratio_r0p172_EVI_median;rel_r0p172_EVI_median;rel_r0p172_RENDVI2_median;ratio_r0p172_RENDVI2_median;diff_r0p172_ND_B3_B4_median;diff_r0p172_RENDVI1_median;diff_r0p172_SAVI_median;diff_r0p172_ND_B3_B6_median;diff_r0p172_NDVI_median;0510_r0p172_ND_B1_B3_mean;ratio_r0p172_SAVI_median,0.0060427268324736
one_sqft,1平方尺,Flower_num,Lasso,LOOCV,33,25,-0.2309671872151806,9.811197652871911,8.211979277707938,0.2245897974227017,0.3148120751814888,0510_r0p172_ND_B2_B3_median;diff_r0p172_DVI_mean;rel_r0p172_DVI_median;ratio_r0p172_DVI_median;0510_r0p172_ND_B1_B3_median;0510_r0p172_ND_B2_B3_mean;0510_r0p172_EVI_median;rel_r0p172_RENDVI1_median;ratio_r0p172_RENDVI1_median;ratio_r0p172_DVI_mean;rel_r0p172_DVI_mean;diff_r0p172_DVI_median;diff_r0p172_ND_B3_B5_median;diff_r0p172_RENDVI2_median;ratio_r0p172_EVI_median;rel_r0p172_EVI_median;rel_r0p172_RENDVI2_median;ratio_r0p172_RENDVI2_median;diff_r0p172_ND_B3_B4_median;diff_r0p172_RENDVI1_median;diff_r0p172_SAVI_median;diff_r0p172_ND_B3_B6_median;diff_r0p172_NDVI_median;0510_r0p172_ND_B1_B3_mean;ratio_r0p172_SAVI_median,-0.2309671872151806
one_sqft,1平方尺,Flower_num,ElasticNet,LOOCV,33,25,-0.0534154411984675,9.07608650901768,7.452501562203787,0.2915345465588212,0.3729053967883128,0510_r0p172_ND_B2_B3_median;diff_r0p172_DVI_mean;rel_r0p172_DVI_median;ratio_r0p172_DVI_median;0510_r0p172_ND_B1_B3_median;0510_r0p172_ND_B2_B3_mean;0510_r0p172_EVI_median;rel_r0p172_RENDVI1_median;ratio_r0p172_RENDVI1_median;ratio_r0p172_DVI_mean;rel_r0p172_DVI_mean;diff_r0p172_DVI_median;diff_r0p172_ND_B3_B5_median;diff_r0p172_RENDVI2_median;ratio_r0p172_EVI_median;rel_r0p172_EVI_median;rel_r0p172_RENDVI2_median;ratio_r0p172_RENDVI2_median;diff_r0p172_ND_B3_B4_median;diff_r0p172_RENDVI1_median;diff_r0p172_SAVI_median;diff_r0p172_ND_B3_B6_median;diff_r0p172_NDVI_median;0510_r0p172_ND_B1_B3_mean;ratio_r0p172_SAVI_median,-0.0534154411984675
one_sqft,1平方尺,Flower_num,PLSRegression,LOOCV,33,25,-0.0682587385616546,9.139806761556732,7.535880166888169,0.284968206347057,0.3851620802487122,0510_r0p172_ND_B2_B3_median;diff_r0p172_DVI_mean;rel_r0p172_DVI_median;ratio_r0p172_DVI_median;0510_r0p172_ND_B1_B3_median;0510_r0p172_ND_B2_B3_mean;0510_r0p172_EVI_median;rel_r0p172_RENDVI1_median;ratio_r0p172_RENDVI1_median;ratio_r0p172_DVI_mean;rel_r0p172_DVI_mean;diff_r0p172_DVI_median;diff_r0p172_ND_B3_B5_median;diff_r0p172_RENDVI2_median;ratio_r0p172_EVI_median;rel_r0p172_EVI_median;rel_r0p172_RENDVI2_median;ratio_r0p172_RENDVI2_median;diff_r0p172_ND_B3_B4_median;diff_r0p172_RENDVI1_median;diff_r0p172_SAVI_median;diff_r0p172_ND_B3_B6_median;diff_r0p172_NDVI_median;0510_r0p172_ND_B1_B3_mean;ratio_r0p172_SAVI_median,-0.0682587385616546
one_sqft,1平方尺,Flower_num,RandomForest,LOOCV,33,25,0.0963108228574759,8.40636663198948,6.84597593119563,0.3874623508831828,0.4642428735343022,0510_r0p172_ND_B2_B3_median;diff_r0p172_DVI_mean;rel_r0p172_DVI_median;ratio_r0p172_DVI_median;0510_r0p172_ND_B1_B3_median;0510_r0p172_ND_B2_B3_mean;0510_r0p172_EVI_median;rel_r0p172_RENDVI1_median;ratio_r0p172_RENDVI1_median;ratio_r0p172_DVI_mean;rel_r0p172_DVI_mean;diff_r0p172_DVI_median;diff_r0p172_ND_B3_B5_median;diff_r0p172_RENDVI2_median;ratio_r0p172_EVI_median;rel_r0p172_EVI_median;rel_r0p172_RENDVI2_median;ratio_r0p172_RENDVI2_median;diff_r0p172_ND_B3_B4_median;diff_r0p172_RENDVI1_median;diff_r0p172_SAVI_median;diff_r0p172_ND_B3_B6_median;diff_r0p172_NDVI_median;0510_r0p172_ND_B1_B3_mean;ratio_r0p172_SAVI_median,0.0963108228574759
one_sqft,1平方尺,Flower_rat,LinearRegression,LOOCV,33,25,-1.220515704170403,43.92585734686273,37.33361431850068,0.3109811234858893,0.2810642207220332,0510_r0p172_ND_B2_B3_median;diff_r0p172_DVI_mean;rel_r0p172_DVI_median;ratio_r0p172_DVI_median;0510_r0p172_ND_B1_B3_median;0510_r0p172_ND_B2_B3_mean;0510_r0p172_EVI_median;ratio_r0p172_RENDVI1_median;rel_r0p172_RENDVI1_median;ratio_r0p172_DVI_mean;rel_r0p172_DVI_mean;diff_r0p172_DVI_median;diff_r0p172_ND_B3_B5_median;diff_r0p172_RENDVI2_median;ratio_r0p172_EVI_median;rel_r0p172_EVI_median;ratio_r0p172_RENDVI2_median;rel_r0p172_RENDVI2_median;diff_r0p172_ND_B3_B4_median;diff_r0p172_RENDVI1_median;diff_r0p172_SAVI_median;diff_r0p172_ND_B3_B6_median;diff_r0p172_NDVI_median;0510_r0p172_ND_B1_B3_mean;ratio_r0p172_SAVI_median,-1.220515704170403
one_sqft,1平方尺,Flower_rat,Ridge,LOOCV,33,25,0.0059941695645124,29.38920161620364,24.347732190418014,0.3249134373063077,0.4185741351613075,0510_r0p172_ND_B2_B3_median;diff_r0p172_DVI_mean;rel_r0p172_DVI_median;ratio_r0p172_DVI_median;0510_r0p172_ND_B1_B3_median;0510_r0p172_ND_B2_B3_mean;0510_r0p172_EVI_median;ratio_r0p172_RENDVI1_median;rel_r0p172_RENDVI1_median;ratio_r0p172_DVI_mean;rel_r0p172_DVI_mean;diff_r0p172_DVI_median;diff_r0p172_ND_B3_B5_median;diff_r0p172_RENDVI2_median;ratio_r0p172_EVI_median;rel_r0p172_EVI_median;ratio_r0p172_RENDVI2_median;rel_r0p172_RENDVI2_median;diff_r0p172_ND_B3_B4_median;diff_r0p172_RENDVI1_median;diff_r0p172_SAVI_median;diff_r0p172_ND_B3_B6_median;diff_r0p172_NDVI_median;0510_r0p172_ND_B1_B3_mean;ratio_r0p172_SAVI_median,0.0059941695645124
one_sqft,1平方尺,Flower_rat,Lasso,LOOCV,33,25,-0.8143125117965992,39.7053812179131,34.4330174425439,0.1049233433016556,0.0500341324821779,0510_r0p172_ND_B2_B3_median;diff_r0p172_DVI_mean;rel_r0p172_DVI_median;ratio_r0p172_DVI_median;0510_r0p172_ND_B1_B3_median;0510_r0p172_ND_B2_B3_mean;0510_r0p172_EVI_median;ratio_r0p172_RENDVI1_median;rel_r0p172_RENDVI1_median;ratio_r0p172_DVI_mean;rel_r0p172_DVI_mean;diff_r0p172_DVI_median;diff_r0p172_ND_B3_B5_median;diff_r0p172_RENDVI2_median;ratio_r0p172_EVI_median;rel_r0p172_EVI_median;ratio_r0p172_RENDVI2_median;rel_r0p172_RENDVI2_median;diff_r0p172_ND_B3_B4_median;diff_r0p172_RENDVI1_median;diff_r0p172_SAVI_median;diff_r0p172_ND_B3_B6_median;diff_r0p172_NDVI_median;0510_r0p172_ND_B1_B3_mean;ratio_r0p172_SAVI_median,-0.8143125117965992
one_sqft,1平方尺,Flower_rat,ElasticNet,LOOCV,33,25,-0.0896831050371951,30.77112901069223,25.35752002902837,0.2731685462723668,0.3446982348520515,0510_r0p172_ND_B2_B3_median;diff_r0p172_DVI_mean;rel_r0p172_DVI_median;ratio_r0p172_DVI_median;0510_r0p172_ND_B1_B3_median;0510_r0p172_ND_B2_B3_mean;0510_r0p172_EVI_median;ratio_r0p172_RENDVI1_median;rel_r0p172_RENDVI1_median;ratio_r0p172_DVI_mean;rel_r0p172_DVI_mean;diff_r0p172_DVI_median;diff_r0p172_ND_B3_B5_median;diff_r0p172_RENDVI2_median;ratio_r0p172_EVI_median;rel_r0p172_EVI_median;ratio_r0p172_RENDVI2_median;rel_r0p172_RENDVI2_median;diff_r0p172_ND_B3_B4_median;diff_r0p172_RENDVI1_median;diff_r0p172_SAVI_median;diff_r0p172_ND_B3_B6_median;diff_r0p172_NDVI_median;0510_r0p172_ND_B1_B3_mean;ratio_r0p172_SAVI_median,-0.0896831050371951
one_sqft,1平方尺,Flower_rat,PLSRegression,LOOCV,33,25,-0.068329791178149,30.468143468401795,25.12182199362387,0.2849117496545778,0.3851620802487122,0510_r0p172_ND_B2_B3_median;diff_r0p172_DVI_mean;rel_r0p172_DVI_median;ratio_r0p172_DVI_median;0510_r0p172_ND_B1_B3_median;0510_r0p172_ND_B2_B3_mean;0510_r0p172_EVI_median;ratio_r0p172_RENDVI1_median;rel_r0p172_RENDVI1_median;ratio_r0p172_DVI_mean;rel_r0p172_DVI_mean;diff_r0p172_DVI_median;diff_r0p172_ND_B3_B5_median;diff_r0p172_RENDVI2_median;ratio_r0p172_EVI_median;rel_r0p172_EVI_median;ratio_r0p172_RENDVI2_median;rel_r0p172_RENDVI2_median;diff_r0p172_ND_B3_B4_median;diff_r0p172_RENDVI1_median;diff_r0p172_SAVI_median;diff_r0p172_ND_B3_B6_median;diff_r0p172_NDVI_median;0510_r0p172_ND_B1_B3_mean;ratio_r0p172_SAVI_median,-0.068329791178149
one_sqft,1平方尺,Flower_rat,RandomForest,LOOCV,33,25,0.0964734633961135,28.01971918820356,22.812939995851515,0.3872374904454727,0.4487960943787304,0510_r0p172_ND_B2_B3_median;diff_r0p172_DVI_mean;rel_r0p172_DVI_median;ratio_r0p172_DVI_median;0510_r0p172_ND_B1_B3_median;0510_r0p172_ND_B2_B3_mean;0510_r0p172_EVI_median;ratio_r0p172_RENDVI1_median;rel_r0p172_RENDVI1_median;ratio_r0p172_DVI_mean;rel_r0p172_DVI_mean;diff_r0p172_DVI_median;diff_r0p172_ND_B3_B5_median;diff_r0p172_RENDVI2_median;ratio_r0p172_EVI_median;rel_r0p172_EVI_median;ratio_r0p172_RENDVI2_median;rel_r0p172_RENDVI2_median;diff_r0p172_ND_B3_B4_median;diff_r0p172_RENDVI1_median;diff_r0p172_SAVI_median;diff_r0p172_ND_B3_B6_median;diff_r0p172_NDVI_median;0510_r0p172_ND_B1_B3_mean;ratio_r0p172_SAVI_median,0.0964734633961135
one_sqft,1平方尺,FHB_num,LinearRegression,5-fold,63,25,-0.211145792831652,4.940614182051714,3.3767558682324186,0.2087172835426226,0.2981303902571295,ratio_r0p172_B2_p75;rel_r0p172_B2_p75;rel_r0p172_B2_mean;ratio_r0p172_B2_mean;diff_r0p172_ND_B5_B6_mean;diff_r0p172_NDRE2_mean;diff_r0p172_CI_RE2_mean;ratio_r0p172_B4_p75;rel_r0p172_B4_p75;ratio_r0p172_NDRE2_mean;rel_r0p172_NDRE2_mean;rel_r0p172_CI_RE2_mean;ratio_r0p172_CI_RE2_mean;diff_r0p172_B2_p75;rel_r0p172_B5_p75;ratio_r0p172_B5_p75;diff_r0p172_B5_p75;0418_r0p172_ND_B1_B4_mean;ratio_r0p172_B2_median;rel_r0p172_B2_median;0418_r0p172_ND_B1_B2_median;diff_r0p172_CI_RE2_median;diff_r0p172_B2_mean;0510_r0p172_B1_mean;diff_r0p172_B1_median,-0.211145792831652
one_sqft,1平方尺,FHB_num,Ridge,5-fold,63,25,-0.0472107638737273,4.594092941276132,3.077777431830237,0.2490390610682975,0.3456841530586709,ratio_r0p172_B2_p75;rel_r0p172_B2_p75;rel_r0p172_B2_mean;ratio_r0p172_B2_mean;diff_r0p172_ND_B5_B6_mean;diff_r0p172_NDRE2_mean;diff_r0p172_CI_RE2_mean;ratio_r0p172_B4_p75;rel_r0p172_B4_p75;ratio_r0p172_NDRE2_mean;rel_r0p172_NDRE2_mean;rel_r0p172_CI_RE2_mean;ratio_r0p172_CI_RE2_mean;diff_r0p172_B2_p75;rel_r0p172_B5_p75;ratio_r0p172_B5_p75;diff_r0p172_B5_p75;0418_r0p172_ND_B1_B4_mean;ratio_r0p172_B2_median;rel_r0p172_B2_median;0418_r0p172_ND_B1_B2_median;diff_r0p172_CI_RE2_median;diff_r0p172_B2_mean;0510_r0p172_B1_mean;diff_r0p172_B1_median,-0.0472107638737273
one_sqft,1平方尺,FHB_num,Lasso,5-fold,63,25,-0.0768778610067393,4.658712956828551,3.1316110591060173,0.2350794640351977,0.3361734004983626,ratio_r0p172_B2_p75;rel_r0p172_B2_p75;rel_r0p172_B2_mean;ratio_r0p172_B2_mean;diff_r0p172_ND_B5_B6_mean;diff_r0p172_NDRE2_mean;diff_r0p172_CI_RE2_mean;ratio_r0p172_B4_p75;rel_r0p172_B4_p75;ratio_r0p172_NDRE2_mean;rel_r0p172_NDRE2_mean;rel_r0p172_CI_RE2_mean;ratio_r0p172_CI_RE2_mean;diff_r0p172_B2_p75;rel_r0p172_B5_p75;ratio_r0p172_B5_p75;diff_r0p172_B5_p75;0418_r0p172_ND_B1_B4_mean;ratio_r0p172_B2_median;rel_r0p172_B2_median;0418_r0p172_ND_B1_B2_median;diff_r0p172_CI_RE2_median;diff_r0p172_B2_mean;0510_r0p172_B1_mean;diff_r0p172_B1_median,-0.0768778610067393
one_sqft,1平方尺,FHB_num,ElasticNet,5-fold,63,25,-0.0566141176062033,4.61467300878059,3.0987448743416226,0.2434504986144685,0.3389378592425588,ratio_r0p172_B2_p75;rel_r0p172_B2_p75;rel_r0p172_B2_mean;ratio_r0p172_B2_mean;diff_r0p172_ND_B5_B6_mean;diff_r0p172_NDRE2_mean;diff_r0p172_CI_RE2_mean;ratio_r0p172_B4_p75;rel_r0p172_B4_p75;ratio_r0p172_NDRE2_mean;rel_r0p172_NDRE2_mean;rel_r0p172_CI_RE2_mean;ratio_r0p172_CI_RE2_mean;diff_r0p172_B2_p75;rel_r0p172_B5_p75;ratio_r0p172_B5_p75;diff_r0p172_B5_p75;0418_r0p172_ND_B1_B4_mean;ratio_r0p172_B2_median;rel_r0p172_B2_median;0418_r0p172_ND_B1_B2_median;diff_r0p172_CI_RE2_median;diff_r0p172_B2_mean;0510_r0p172_B1_mean;diff_r0p172_B1_median,-0.0566141176062033
one_sqft,1平方尺,FHB_num,PLSRegression,5-fold,63,25,-0.0153502899822322,4.52366751089427,3.0307941963091043,0.2738177552362419,0.3709193498520221,ratio_r0p172_B2_p75;rel_r0p172_B2_p75;rel_r0p172_B2_mean;ratio_r0p172_B2_mean;diff_r0p172_ND_B5_B6_mean;diff_r0p172_NDRE2_mean;diff_r0p172_CI_RE2_mean;ratio_r0p172_B4_p75;rel_r0p172_B4_p75;ratio_r0p172_NDRE2_mean;rel_r0p172_NDRE2_mean;rel_r0p172_CI_RE2_mean;ratio_r0p172_CI_RE2_mean;diff_r0p172_B2_p75;rel_r0p172_B5_p75;ratio_r0p172_B5_p75;diff_r0p172_B5_p75;0418_r0p172_ND_B1_B4_mean;ratio_r0p172_B2_median;rel_r0p172_B2_median;0418_r0p172_ND_B1_B2_median;diff_r0p172_CI_RE2_median;diff_r0p172_B2_mean;0510_r0p172_B1_mean;diff_r0p172_B1_median,-0.0153502899822322
one_sqft,1平方尺,FHB_num,RandomForest,5-fold,63,25,0.0621366499449083,4.347629336891193,2.7027261989920723,0.2975737930544836,0.3784518658797862,ratio_r0p172_B2_p75;rel_r0p172_B2_p75;rel_r0p172_B2_mean;ratio_r0p172_B2_mean;diff_r0p172_ND_B5_B6_mean;diff_r0p172_NDRE2_mean;diff_r0p172_CI_RE2_mean;ratio_r0p172_B4_p75;rel_r0p172_B4_p75;ratio_r0p172_NDRE2_mean;rel_r0p172_NDRE2_mean;rel_r0p172_CI_RE2_mean;ratio_r0p172_CI_RE2_mean;diff_r0p172_B2_p75;rel_r0p172_B5_p75;ratio_r0p172_B5_p75;diff_r0p172_B5_p75;0418_r0p172_ND_B1_B4_mean;ratio_r0p172_B2_median;rel_r0p172_B2_median;0418_r0p172_ND_B1_B2_median;diff_r0p172_CI_RE2_median;diff_r0p172_B2_mean;0510_r0p172_B1_mean;diff_r0p172_B1_median,0.0621366499449083
one_sqft,1平方尺,FHB_rate,LinearRegression,5-fold,62,25,-0.3749684970599924,9.686660437197212,6.539523829640204,0.1918603350491203,0.34577474654757,rel_r0p172_B2_p75;ratio_r0p172_B2_p75;ratio_r0p172_B2_mean;rel_r0p172_B2_mean;diff_r0p172_B2_p75;rel_r0p172_B4_p75;ratio_r0p172_B4_p75;ratio_r0p172_B2_median;rel_r0p172_B2_median;diff_r0p172_B2_mean;0510_r0p172_B1_mean;diff_r0p172_B1_median;0510_r0p172_B1_median;diff_r0p172_B1_mean;ratio_r0p172_B4_mean;rel_r0p172_B4_mean;rel_r0p172_B1_p75;ratio_r0p172_B1_p75;diff_r0p172_B1_p75;diff_r0p172_ND_B5_B6_mean;diff_r0p172_NDRE2_mean;ratio_r0p172_B5_p75;rel_r0p172_B5_p75;diff_r0p172_B5_p75;0510_r0p172_B2_p75,-0.3749684970599924
one_sqft,1平方尺,FHB_rate,Ridge,5-fold,62,25,-0.1027936337072756,8.675106741182168,5.867610028981585,0.2253958754028974,0.3004748982266547,rel_r0p172_B2_p75;ratio_r0p172_B2_p75;ratio_r0p172_B2_mean;rel_r0p172_B2_mean;diff_r0p172_B2_p75;rel_r0p172_B4_p75;ratio_r0p172_B4_p75;ratio_r0p172_B2_median;rel_r0p172_B2_median;diff_r0p172_B2_mean;0510_r0p172_B1_mean;diff_r0p172_B1_median;0510_r0p172_B1_median;diff_r0p172_B1_mean;ratio_r0p172_B4_mean;rel_r0p172_B4_mean;rel_r0p172_B1_p75;ratio_r0p172_B1_p75;diff_r0p172_B1_p75;diff_r0p172_ND_B5_B6_mean;diff_r0p172_NDRE2_mean;ratio_r0p172_B5_p75;rel_r0p172_B5_p75;diff_r0p172_B5_p75;0510_r0p172_B2_p75,-0.1027936337072756
one_sqft,1平方尺,FHB_rate,Lasso,5-fold,62,25,-0.2122321561478219,9.095374842081688,6.079243310832704,0.184747465330146,0.3059457667228212,rel_r0p172_B2_p75;ratio_r0p172_B2_p75;ratio_r0p172_B2_mean;rel_r0p172_B2_mean;diff_r0p172_B2_p75;rel_r0p172_B4_p75;ratio_r0p172_B4_p75;ratio_r0p172_B2_median;rel_r0p172_B2_median;diff_r0p172_B2_mean;0510_r0p172_B1_mean;diff_r0p172_B1_median;0510_r0p172_B1_median;diff_r0p172_B1_mean;ratio_r0p172_B4_mean;rel_r0p172_B4_mean;rel_r0p172_B1_p75;ratio_r0p172_B1_p75;diff_r0p172_B1_p75;diff_r0p172_ND_B5_B6_mean;diff_r0p172_NDRE2_mean;ratio_r0p172_B5_p75;rel_r0p172_B5_p75;diff_r0p172_B5_p75;0510_r0p172_B2_p75,-0.2122321561478219
one_sqft,1平方尺,FHB_rate,ElasticNet,5-fold,62,25,-0.1314386589582121,8.787052250186996,5.935599002575078,0.2130647529875426,0.2921760928749818,rel_r0p172_B2_p75;ratio_r0p172_B2_p75;ratio_r0p172_B2_mean;rel_r0p172_B2_mean;diff_r0p172_B2_p75;rel_r0p172_B4_p75;ratio_r0p172_B4_p75;ratio_r0p172_B2_median;rel_r0p172_B2_median;diff_r0p172_B2_mean;0510_r0p172_B1_mean;diff_r0p172_B1_median;0510_r0p172_B1_median;diff_r0p172_B1_mean;ratio_r0p172_B4_mean;rel_r0p172_B4_mean;rel_r0p172_B1_p75;ratio_r0p172_B1_p75;diff_r0p172_B1_p75;diff_r0p172_ND_B5_B6_mean;diff_r0p172_NDRE2_mean;ratio_r0p172_B5_p75;rel_r0p172_B5_p75;diff_r0p172_B5_p75;0510_r0p172_B2_p75,-0.1314386589582121
one_sqft,1平方尺,FHB_rate,PLSRegression,5-fold,62,25,-0.1574775195994133,8.887589444892475,6.052818010996294,0.1983297550390317,0.2790935812537139,rel_r0p172_B2_p75;ratio_r0p172_B2_p75;ratio_r0p172_B2_mean;rel_r0p172_B2_mean;diff_r0p172_B2_p75;rel_r0p172_B4_p75;ratio_r0p172_B4_p75;ratio_r0p172_B2_median;rel_r0p172_B2_median;diff_r0p172_B2_mean;0510_r0p172_B1_mean;diff_r0p172_B1_median;0510_r0p172_B1_median;diff_r0p172_B1_mean;ratio_r0p172_B4_mean;rel_r0p172_B4_mean;rel_r0p172_B1_p75;ratio_r0p172_B1_p75;diff_r0p172_B1_p75;diff_r0p172_ND_B5_B6_mean;diff_r0p172_NDRE2_mean;ratio_r0p172_B5_p75;rel_r0p172_B5_p75;diff_r0p172_B5_p75;0510_r0p172_B2_p75,-0.1574775195994133
one_sqft,1平方尺,FHB_rate,RandomForest,5-fold,62,25,-0.014304312726225,8.319779917171847,5.252750969518834,0.2865427303580515,0.3133459753166697,rel_r0p172_B2_p75;ratio_r0p172_B2_p75;ratio_r0p172_B2_mean;rel_r0p172_B2_mean;diff_r0p172_B2_p75;rel_r0p172_B4_p75;ratio_r0p172_B4_p75;ratio_r0p172_B2_median;rel_r0p172_B2_median;diff_r0p172_B2_mean;0510_r0p172_B1_mean;diff_r0p172_B1_median;0510_r0p172_B1_median;diff_r0p172_B1_mean;ratio_r0p172_B4_mean;rel_r0p172_B4_mean;rel_r0p172_B1_p75;ratio_r0p172_B1_p75;diff_r0p172_B1_p75;diff_r0p172_ND_B5_B6_mean;diff_r0p172_NDRE2_mean;ratio_r0p172_B5_p75;rel_r0p172_B5_p75;diff_r0p172_B5_p75;0510_r0p172_B2_p75,-0.014304312726225
one_sqft,1平方尺,FHB_index,LinearRegression,5-fold,62,25,-0.5073472650202162,0.0930025982982626,0.0618899353680186,0.1476895421373523,0.2542527936340021,rel_r0p172_B2_p75;ratio_r0p172_B2_p75;rel_r0p172_B2_mean;ratio_r0p172_B2_mean;rel_r0p172_B4_p75;ratio_r0p172_B4_p75;diff_r0p172_B2_p75;diff_r0p172_ND_B5_B6_mean;diff_r0p172_NDRE2_mean;diff_r0p172_CI_RE2_mean;0418_r0p172_ND_B1_B4_mean;0510_r0p172_B1_mean;diff_r0p172_B2_mean;ratio_r0p172_B2_median;rel_r0p172_B2_median;diff_r0p172_B5_p75;rel_r0p172_B5_p75;ratio_r0p172_B5_p75;0510_r0p172_B1_median;diff_r0p172_B1_p75;diff_r0p172_CI_RE2_median;rel_r0p172_B1_p75;ratio_r0p172_B1_p75;diff_r0p172_B1_mean;0510_r0p172_B1_max,-0.5073472650202162
one_sqft,1平方尺,FHB_index,Ridge,5-fold,62,25,-0.1222224261121254,0.0802468317657626,0.0511668906053773,0.2394791929337115,0.2869944093483966,rel_r0p172_B2_p75;ratio_r0p172_B2_p75;rel_r0p172_B2_mean;ratio_r0p172_B2_mean;rel_r0p172_B4_p75;ratio_r0p172_B4_p75;diff_r0p172_B2_p75;diff_r0p172_ND_B5_B6_mean;diff_r0p172_NDRE2_mean;diff_r0p172_CI_RE2_mean;0418_r0p172_ND_B1_B4_mean;0510_r0p172_B1_mean;diff_r0p172_B2_mean;ratio_r0p172_B2_median;rel_r0p172_B2_median;diff_r0p172_B5_p75;rel_r0p172_B5_p75;ratio_r0p172_B5_p75;0510_r0p172_B1_median;diff_r0p172_B1_p75;diff_r0p172_CI_RE2_median;rel_r0p172_B1_p75;ratio_r0p172_B1_p75;diff_r0p172_B1_mean;0510_r0p172_B1_max,-0.1222224261121254
one_sqft,1平方尺,FHB_index,Lasso,5-fold,62,25,0.0403155873280015,0.0742083275416822,0.0425647655538781,0.2041924102893084,0.4140803844176021,rel_r0p172_B2_p75;ratio_r0p172_B2_p75;rel_r0p172_B2_mean;ratio_r0p172_B2_mean;rel_r0p172_B4_p75;ratio_r0p172_B4_p75;diff_r0p172_B2_p75;diff_r0p172_ND_B5_B6_mean;diff_r0p172_NDRE2_mean;diff_r0p172_CI_RE2_mean;0418_r0p172_ND_B1_B4_mean;0510_r0p172_B1_mean;diff_r0p172_B2_mean;ratio_r0p172_B2_median;rel_r0p172_B2_median;diff_r0p172_B5_p75;rel_r0p172_B5_p75;ratio_r0p172_B5_p75;0510_r0p172_B1_median;diff_r0p172_B1_p75;diff_r0p172_CI_RE2_median;rel_r0p172_B1_p75;ratio_r0p172_B1_p75;diff_r0p172_B1_mean;0510_r0p172_B1_max,0.0403155873280015
one_sqft,1平方尺,FHB_index,ElasticNet,5-fold,62,25,0.0630035045191966,0.073325900749319,0.0420408044189045,0.2753200406440845,0.4679760481450005,rel_r0p172_B2_p75;ratio_r0p172_B2_p75;rel_r0p172_B2_mean;ratio_r0p172_B2_mean;rel_r0p172_B4_p75;ratio_r0p172_B4_p75;diff_r0p172_B2_p75;diff_r0p172_ND_B5_B6_mean;diff_r0p172_NDRE2_mean;diff_r0p172_CI_RE2_mean;0418_r0p172_ND_B1_B4_mean;0510_r0p172_B1_mean;diff_r0p172_B2_mean;ratio_r0p172_B2_median;rel_r0p172_B2_median;diff_r0p172_B5_p75;rel_r0p172_B5_p75;ratio_r0p172_B5_p75;0510_r0p172_B1_median;diff_r0p172_B1_p75;diff_r0p172_CI_RE2_median;rel_r0p172_B1_p75;ratio_r0p172_B1_p75;diff_r0p172_B1_mean;0510_r0p172_B1_max,0.0630035045191966
one_sqft,1平方尺,FHB_index,PLSRegression,5-fold,62,25,-0.1202065996121928,0.0801747264527651,0.0516118163689362,0.2472364807317681,0.2451983221277991,rel_r0p172_B2_p75;ratio_r0p172_B2_p75;rel_r0p172_B2_mean;ratio_r0p172_B2_mean;rel_r0p172_B4_p75;ratio_r0p172_B4_p75;diff_r0p172_B2_p75;diff_r0p172_ND_B5_B6_mean;diff_r0p172_NDRE2_mean;diff_r0p172_CI_RE2_mean;0418_r0p172_ND_B1_B4_mean;0510_r0p172_B1_mean;diff_r0p172_B2_mean;ratio_r0p172_B2_median;rel_r0p172_B2_median;diff_r0p172_B5_p75;rel_r0p172_B5_p75;ratio_r0p172_B5_p75;0510_r0p172_B1_median;diff_r0p172_B1_p75;diff_r0p172_CI_RE2_median;rel_r0p172_B1_p75;ratio_r0p172_B1_p75;diff_r0p172_B1_mean;0510_r0p172_B1_max,-0.1202065996121928
one_sqft,1平方尺,FHB_index,RandomForest,5-fold,62,25,-0.0046981253778715,0.0759287445966395,0.044522857808261,0.2810910498918443,0.3121097886453642,rel_r0p172_B2_p75;ratio_r0p172_B2_p75;rel_r0p172_B2_mean;ratio_r0p172_B2_mean;rel_r0p172_B4_p75;ratio_r0p172_B4_p75;diff_r0p172_B2_p75;diff_r0p172_ND_B5_B6_mean;diff_r0p172_NDRE2_mean;diff_r0p172_CI_RE2_mean;0418_r0p172_ND_B1_B4_mean;0510_r0p172_B1_mean;diff_r0p172_B2_mean;ratio_r0p172_B2_median;rel_r0p172_B2_median;diff_r0p172_B5_p75;rel_r0p172_B5_p75;ratio_r0p172_B5_p75;0510_r0p172_B1_median;diff_r0p172_B1_p75;diff_r0p172_CI_RE2_median;rel_r0p172_B1_p75;ratio_r0p172_B1_p75;diff_r0p172_B1_mean;0510_r0p172_B1_max,-0.0046981253778715
multi_scale,0.3/0.5/1.0m,Flower_num,LinearRegression,LOOCV,33,25,-0.1607201365648081,9.527139976597793,7.099925581111082,0.4224530713244516,0.5324101815469339,0510_r1_ND_B2_B3_mean;ratio_r1_EVI_mean;rel_r1_EVI_mean;diff_r1_EVI_mean;0510_r1_EVI_mean;0510_r1_ND_B3_B5_mean;0510_r1_RENDVI2_mean;0510_r1_RVI_mean;0510_r1_SAVI_mean;0510_r1_ND_B3_B6_mean;0510_r1_NDVI_mean;0510_r1_ND_B3_B4_mean;0510_r1_RENDVI1_mean;ratio_r0p5_DVI_mean;rel_r0p5_DVI_mean;ratio_r1_DVI_mean;rel_r1_DVI_mean;rel_r1_RENDVI1_mean;ratio_r1_RENDVI1_mean;0510_r1_DVI_mean;diff_r1_ND_B3_B4_mean;diff_r1_RENDVI1_mean;rel_r0p5_B6_p25;ratio_r0p5_B6_p25;ratio_r1_SAVI_mean,-0.1607201365648081
multi_scale,0.3/0.5/1.0m,Flower_num,Ridge,LOOCV,33,25,0.0968199704571768,8.403998182454337,6.847283889985882,0.4528124463284652,0.5146128055633404,0510_r1_ND_B2_B3_mean;ratio_r1_EVI_mean;rel_r1_EVI_mean;diff_r1_EVI_mean;0510_r1_EVI_mean;0510_r1_ND_B3_B5_mean;0510_r1_RENDVI2_mean;0510_r1_RVI_mean;0510_r1_SAVI_mean;0510_r1_ND_B3_B6_mean;0510_r1_NDVI_mean;0510_r1_ND_B3_B4_mean;0510_r1_RENDVI1_mean;ratio_r0p5_DVI_mean;rel_r0p5_DVI_mean;ratio_r1_DVI_mean;rel_r1_DVI_mean;rel_r1_RENDVI1_mean;ratio_r1_RENDVI1_mean;0510_r1_DVI_mean;diff_r1_ND_B3_B4_mean;diff_r1_RENDVI1_mean;rel_r0p5_B6_p25;ratio_r0p5_B6_p25;ratio_r1_SAVI_mean,0.0968199704571768
multi_scale,0.3/0.5/1.0m,Flower_num,Lasso,LOOCV,33,25,-0.1099886968764629,9.316613193842407,7.630655219936637,0.3578177790829082,0.4234432285907812,0510_r1_ND_B2_B3_mean;ratio_r1_EVI_mean;rel_r1_EVI_mean;diff_r1_EVI_mean;0510_r1_EVI_mean;0510_r1_ND_B3_B5_mean;0510_r1_RENDVI2_mean;0510_r1_RVI_mean;0510_r1_SAVI_mean;0510_r1_ND_B3_B6_mean;0510_r1_NDVI_mean;0510_r1_ND_B3_B4_mean;0510_r1_RENDVI1_mean;ratio_r0p5_DVI_mean;rel_r0p5_DVI_mean;ratio_r1_DVI_mean;rel_r1_DVI_mean;rel_r1_RENDVI1_mean;ratio_r1_RENDVI1_mean;0510_r1_DVI_mean;diff_r1_ND_B3_B4_mean;diff_r1_RENDVI1_mean;rel_r0p5_B6_p25;ratio_r0p5_B6_p25;ratio_r1_SAVI_mean,-0.1099886968764629
multi_scale,0.3/0.5/1.0m,Flower_num,ElasticNet,LOOCV,33,25,0.0270211306339096,8.722691061529815,7.138017831593382,0.418693326938104,0.4859019443067886,0510_r1_ND_B2_B3_mean;ratio_r1_EVI_mean;rel_r1_EVI_mean;diff_r1_EVI_mean;0510_r1_EVI_mean;0510_r1_ND_B3_B5_mean;0510_r1_RENDVI2_mean;0510_r1_RVI_mean;0510_r1_SAVI_mean;0510_r1_ND_B3_B6_mean;0510_r1_NDVI_mean;0510_r1_ND_B3_B4_mean;0510_r1_RENDVI1_mean;ratio_r0p5_DVI_mean;rel_r0p5_DVI_mean;ratio_r1_DVI_mean;rel_r1_DVI_mean;rel_r1_RENDVI1_mean;ratio_r1_RENDVI1_mean;0510_r1_DVI_mean;diff_r1_ND_B3_B4_mean;diff_r1_RENDVI1_mean;rel_r0p5_B6_p25;ratio_r0p5_B6_p25;ratio_r1_SAVI_mean,0.0270211306339096
multi_scale,0.3/0.5/1.0m,Flower_num,PLSRegression,LOOCV,33,25,-0.0014234418365175,8.849274428237452,7.25480148664082,0.415935387616064,0.4736452608463893,0510_r1_ND_B2_B3_mean;ratio_r1_EVI_mean;rel_r1_EVI_mean;diff_r1_EVI_mean;0510_r1_EVI_mean;0510_r1_ND_B3_B5_mean;0510_r1_RENDVI2_mean;0510_r1_RVI_mean;0510_r1_SAVI_mean;0510_r1_ND_B3_B6_mean;0510_r1_NDVI_mean;0510_r1_ND_B3_B4_mean;0510_r1_RENDVI1_mean;ratio_r0p5_DVI_mean;rel_r0p5_DVI_mean;ratio_r1_DVI_mean;rel_r1_DVI_mean;rel_r1_RENDVI1_mean;ratio_r1_RENDVI1_mean;0510_r1_DVI_mean;diff_r1_ND_B3_B4_mean;diff_r1_RENDVI1_mean;rel_r0p5_B6_p25;ratio_r0p5_B6_p25;ratio_r1_SAVI_mean,-0.0014234418365175
multi_scale,0.3/0.5/1.0m,Flower_num,RandomForest,LOOCV,33,25,0.4821837151984114,6.363362128371967,5.169560449931665,0.6952582554146629,0.6905717681181138,0510_r1_ND_B2_B3_mean;ratio_r1_EVI_mean;rel_r1_EVI_mean;diff_r1_EVI_mean;0510_r1_EVI_mean;0510_r1_ND_B3_B5_mean;0510_r1_RENDVI2_mean;0510_r1_RVI_mean;0510_r1_SAVI_mean;0510_r1_ND_B3_B6_mean;0510_r1_NDVI_mean;0510_r1_ND_B3_B4_mean;0510_r1_RENDVI1_mean;ratio_r0p5_DVI_mean;rel_r0p5_DVI_mean;ratio_r1_DVI_mean;rel_r1_DVI_mean;rel_r1_RENDVI1_mean;ratio_r1_RENDVI1_mean;0510_r1_DVI_mean;diff_r1_ND_B3_B4_mean;diff_r1_RENDVI1_mean;rel_r0p5_B6_p25;ratio_r0p5_B6_p25;ratio_r1_SAVI_mean,0.4821837151984114
multi_scale,0.3/0.5/1.0m,Flower_rat,LinearRegression,LOOCV,33,25,-0.1608191091223796,31.759641880345484,23.668494084468072,0.4224066205571675,0.5324101815469339,0510_r1_ND_B2_B3_mean;ratio_r1_EVI_mean;rel_r1_EVI_mean;diff_r1_EVI_mean;0510_r1_EVI_mean;0510_r1_ND_B3_B5_mean;0510_r1_RENDVI2_mean;0510_r1_RVI_mean;0510_r1_SAVI_mean;0510_r1_ND_B3_B6_mean;0510_r1_NDVI_mean;0510_r1_ND_B3_B4_mean;0510_r1_RENDVI1_mean;rel_r0p5_DVI_mean;ratio_r0p5_DVI_mean;ratio_r1_DVI_mean;rel_r1_DVI_mean;rel_r1_RENDVI1_mean;ratio_r1_RENDVI1_mean;0510_r1_DVI_mean;diff_r1_ND_B3_B4_mean;diff_r1_RENDVI1_mean;ratio_r0p5_B6_p25;rel_r0p5_B6_p25;ratio_r1_SAVI_mean,-0.1608191091223796
multi_scale,0.3/0.5/1.0m,Flower_rat,Ridge,LOOCV,33,25,0.0967717020789948,28.015094391083363,22.826021113769613,0.4527754864823834,0.5146128055633404,0510_r1_ND_B2_B3_mean;ratio_r1_EVI_mean;rel_r1_EVI_mean;diff_r1_EVI_mean;0510_r1_EVI_mean;0510_r1_ND_B3_B5_mean;0510_r1_RENDVI2_mean;0510_r1_RVI_mean;0510_r1_SAVI_mean;0510_r1_ND_B3_B6_mean;0510_r1_NDVI_mean;0510_r1_ND_B3_B4_mean;0510_r1_RENDVI1_mean;rel_r0p5_DVI_mean;ratio_r0p5_DVI_mean;ratio_r1_DVI_mean;rel_r1_DVI_mean;rel_r1_RENDVI1_mean;ratio_r1_RENDVI1_mean;0510_r1_DVI_mean;diff_r1_ND_B3_B4_mean;diff_r1_RENDVI1_mean;ratio_r0p5_B6_p25;rel_r0p5_B6_p25;ratio_r1_SAVI_mean,0.0967717020789948
multi_scale,0.3/0.5/1.0m,Flower_rat,Lasso,LOOCV,33,25,-0.2561352275246544,33.037830445221275,27.206827076444032,0.316988243233108,0.3860015791158628,0510_r1_ND_B2_B3_mean;ratio_r1_EVI_mean;rel_r1_EVI_mean;diff_r1_EVI_mean;0510_r1_EVI_mean;0510_r1_ND_B3_B5_mean;0510_r1_RENDVI2_mean;0510_r1_RVI_mean;0510_r1_SAVI_mean;0510_r1_ND_B3_B6_mean;0510_r1_NDVI_mean;0510_r1_ND_B3_B4_mean;0510_r1_RENDVI1_mean;rel_r0p5_DVI_mean;ratio_r0p5_DVI_mean;ratio_r1_DVI_mean;rel_r1_DVI_mean;rel_r1_RENDVI1_mean;ratio_r1_RENDVI1_mean;0510_r1_DVI_mean;diff_r1_ND_B3_B4_mean;diff_r1_RENDVI1_mean;ratio_r0p5_B6_p25;rel_r0p5_B6_p25;ratio_r1_SAVI_mean,-0.2561352275246544
multi_scale,0.3/0.5/1.0m,Flower_rat,ElasticNet,LOOCV,33,25,0.0138580641353651,29.272717136816485,23.96529134907604,0.4133458606667647,0.4697835660574964,0510_r1_ND_B2_B3_mean;ratio_r1_EVI_mean;rel_r1_EVI_mean;diff_r1_EVI_mean;0510_r1_EVI_mean;0510_r1_ND_B3_B5_mean;0510_r1_RENDVI2_mean;0510_r1_RVI_mean;0510_r1_SAVI_mean;0510_r1_ND_B3_B6_mean;0510_r1_NDVI_mean;0510_r1_ND_B3_B4_mean;0510_r1_RENDVI1_mean;rel_r0p5_DVI_mean;ratio_r0p5_DVI_mean;ratio_r1_DVI_mean;rel_r1_DVI_mean;rel_r1_RENDVI1_mean;ratio_r1_RENDVI1_mean;0510_r1_DVI_mean;diff_r1_ND_B3_B4_mean;diff_r1_RENDVI1_mean;ratio_r0p5_B6_p25;rel_r0p5_B6_p25;ratio_r1_SAVI_mean,0.0138580641353651
multi_scale,0.3/0.5/1.0m,Flower_rat,PLSRegression,LOOCV,33,25,-0.0014653324031879,29.49927091200173,24.183942379027204,0.4159020761284225,0.4736452608463893,0510_r1_ND_B2_B3_mean;ratio_r1_EVI_mean;rel_r1_EVI_mean;diff_r1_EVI_mean;0510_r1_EVI_mean;0510_r1_ND_B3_B5_mean;0510_r1_RENDVI2_mean;0510_r1_RVI_mean;0510_r1_SAVI_mean;0510_r1_ND_B3_B6_mean;0510_r1_NDVI_mean;0510_r1_ND_B3_B4_mean;0510_r1_RENDVI1_mean;rel_r0p5_DVI_mean;ratio_r0p5_DVI_mean;ratio_r1_DVI_mean;rel_r1_DVI_mean;rel_r1_RENDVI1_mean;ratio_r1_RENDVI1_mean;0510_r1_DVI_mean;diff_r1_ND_B3_B4_mean;diff_r1_RENDVI1_mean;ratio_r0p5_B6_p25;rel_r0p5_B6_p25;ratio_r1_SAVI_mean,-0.0014653324031879
multi_scale,0.3/0.5/1.0m,Flower_rat,RandomForest,LOOCV,33,25,0.4850381579709557,21.15343240890194,17.206509933077573,0.6972870735224865,0.6905717681181138,0510_r1_ND_B2_B3_mean;ratio_r1_EVI_mean;rel_r1_EVI_mean;diff_r1_EVI_mean;0510_r1_EVI_mean;0510_r1_ND_B3_B5_mean;0510_r1_RENDVI2_mean;0510_r1_RVI_mean;0510_r1_SAVI_mean;0510_r1_ND_B3_B6_mean;0510_r1_NDVI_mean;0510_r1_ND_B3_B4_mean;0510_r1_RENDVI1_mean;rel_r0p5_DVI_mean;ratio_r0p5_DVI_mean;ratio_r1_DVI_mean;rel_r1_DVI_mean;rel_r1_RENDVI1_mean;ratio_r1_RENDVI1_mean;0510_r1_DVI_mean;diff_r1_ND_B3_B4_mean;diff_r1_RENDVI1_mean;ratio_r0p5_B6_p25;rel_r0p5_B6_p25;ratio_r1_SAVI_mean,0.4850381579709557
multi_scale,0.3/0.5/1.0m,FHB_num,LinearRegression,5-fold,63,25,-0.7036040709522,5.859587755813518,3.717722063914222,0.2112847843302604,0.36437595209053,0418_r1_ND_B1_B2_mean;0418_r1_ND_B1_B4_median;diff_r1_CI_RE2_median;0418_r1_ND_B1_B2_median;diff_r1_ND_B5_B6_median;diff_r1_NDRE2_median;diff_r1_ND_B5_B6_mean;diff_r1_NDRE2_mean;diff_r1_CI_RE2_mean;ratio_r1_CI_RE2_mean;rel_r1_CI_RE2_mean;0418_r1_ND_B3_B4_median;0418_r1_RENDVI1_median;ratio_r1_NDRE2_mean;rel_r1_NDRE2_mean;0418_r0p5_ND_B1_B4_median;0418_r1_ND_B2_B3_median;ratio_r1_CI_RE2_median;rel_r1_CI_RE2_median;0418_r1_ND_B1_B4_mean;ratio_r1_NDRE2_median;rel_r1_NDRE2_median;0418_r0p5_ND_B1_B4_mean;0418_r1_ND_B2_B3_mean;0510_r1_ND_B5_B6_mean,-0.7036040709522
multi_scale,0.3/0.5/1.0m,FHB_num,Ridge,5-fold,63,25,-0.1006933944425294,4.709945787297999,3.2892475305030384,0.274821733757538,0.3938719660308993,0418_r1_ND_B1_B2_mean;0418_r1_ND_B1_B4_median;diff_r1_CI_RE2_median;0418_r1_ND_B1_B2_median;diff_r1_ND_B5_B6_median;diff_r1_NDRE2_median;diff_r1_ND_B5_B6_mean;diff_r1_NDRE2_mean;diff_r1_CI_RE2_mean;ratio_r1_CI_RE2_mean;rel_r1_CI_RE2_mean;0418_r1_ND_B3_B4_median;0418_r1_RENDVI1_median;ratio_r1_NDRE2_mean;rel_r1_NDRE2_mean;0418_r0p5_ND_B1_B4_median;0418_r1_ND_B2_B3_median;ratio_r1_CI_RE2_median;rel_r1_CI_RE2_median;0418_r1_ND_B1_B4_mean;ratio_r1_NDRE2_median;rel_r1_NDRE2_median;0418_r0p5_ND_B1_B4_mean;0418_r1_ND_B2_B3_mean;0510_r1_ND_B5_B6_mean,-0.1006933944425294
multi_scale,0.3/0.5/1.0m,FHB_num,Lasso,5-fold,63,25,-0.0808188000690486,4.667229678140106,3.331744127621771,0.2931799220680861,0.3810641525830175,0418_r1_ND_B1_B2_mean;0418_r1_ND_B1_B4_median;diff_r1_CI_RE2_median;0418_r1_ND_B1_B2_median;diff_r1_ND_B5_B6_median;diff_r1_NDRE2_median;diff_r1_ND_B5_B6_mean;diff_r1_NDRE2_mean;diff_r1_CI_RE2_mean;ratio_r1_CI_RE2_mean;rel_r1_CI_RE2_mean;0418_r1_ND_B3_B4_median;0418_r1_RENDVI1_median;ratio_r1_NDRE2_mean;rel_r1_NDRE2_mean;0418_r0p5_ND_B1_B4_median;0418_r1_ND_B2_B3_median;ratio_r1_CI_RE2_median;rel_r1_CI_RE2_median;0418_r1_ND_B1_B4_mean;ratio_r1_NDRE2_median;rel_r1_NDRE2_median;0418_r0p5_ND_B1_B4_mean;0418_r1_ND_B2_B3_mean;0510_r1_ND_B5_B6_mean,-0.0808188000690486
multi_scale,0.3/0.5/1.0m,FHB_num,ElasticNet,5-fold,63,25,-0.0800416010882254,4.665551312405606,3.2946483152387858,0.2881328554752093,0.3950639803517913,0418_r1_ND_B1_B2_mean;0418_r1_ND_B1_B4_median;diff_r1_CI_RE2_median;0418_r1_ND_B1_B2_median;diff_r1_ND_B5_B6_median;diff_r1_NDRE2_median;diff_r1_ND_B5_B6_mean;diff_r1_NDRE2_mean;diff_r1_CI_RE2_mean;ratio_r1_CI_RE2_mean;rel_r1_CI_RE2_mean;0418_r1_ND_B3_B4_median;0418_r1_RENDVI1_median;ratio_r1_NDRE2_mean;rel_r1_NDRE2_mean;0418_r0p5_ND_B1_B4_median;0418_r1_ND_B2_B3_median;ratio_r1_CI_RE2_median;rel_r1_CI_RE2_median;0418_r1_ND_B1_B4_mean;ratio_r1_NDRE2_median;rel_r1_NDRE2_median;0418_r0p5_ND_B1_B4_mean;0418_r1_ND_B2_B3_mean;0510_r1_ND_B5_B6_mean,-0.0800416010882254
multi_scale,0.3/0.5/1.0m,FHB_num,PLSRegression,5-fold,63,25,-0.1981529962339963,4.914042036808265,3.437905253565308,0.2461201405315649,0.3914625753822879,0418_r1_ND_B1_B2_mean;0418_r1_ND_B1_B4_median;diff_r1_CI_RE2_median;0418_r1_ND_B1_B2_median;diff_r1_ND_B5_B6_median;diff_r1_NDRE2_median;diff_r1_ND_B5_B6_mean;diff_r1_NDRE2_mean;diff_r1_CI_RE2_mean;ratio_r1_CI_RE2_mean;rel_r1_CI_RE2_mean;0418_r1_ND_B3_B4_median;0418_r1_RENDVI1_median;ratio_r1_NDRE2_mean;rel_r1_NDRE2_mean;0418_r0p5_ND_B1_B4_median;0418_r1_ND_B2_B3_median;ratio_r1_CI_RE2_median;rel_r1_CI_RE2_median;0418_r1_ND_B1_B4_mean;ratio_r1_NDRE2_median;rel_r1_NDRE2_median;0418_r0p5_ND_B1_B4_mean;0418_r1_ND_B2_B3_mean;0510_r1_ND_B5_B6_mean,-0.1981529962339963
multi_scale,0.3/0.5/1.0m,FHB_num,RandomForest,5-fold,63,25,-0.0189711046745564,4.531726200304844,2.8623826391127976,0.2716042995626208,0.5613880211264621,0418_r1_ND_B1_B2_mean;0418_r1_ND_B1_B4_median;diff_r1_CI_RE2_median;0418_r1_ND_B1_B2_median;diff_r1_ND_B5_B6_median;diff_r1_NDRE2_median;diff_r1_ND_B5_B6_mean;diff_r1_NDRE2_mean;diff_r1_CI_RE2_mean;ratio_r1_CI_RE2_mean;rel_r1_CI_RE2_mean;0418_r1_ND_B3_B4_median;0418_r1_RENDVI1_median;ratio_r1_NDRE2_mean;rel_r1_NDRE2_mean;0418_r0p5_ND_B1_B4_median;0418_r1_ND_B2_B3_median;ratio_r1_CI_RE2_median;rel_r1_CI_RE2_median;0418_r1_ND_B1_B4_mean;ratio_r1_NDRE2_median;rel_r1_NDRE2_median;0418_r0p5_ND_B1_B4_mean;0418_r1_ND_B2_B3_mean;0510_r1_ND_B5_B6_mean,-0.0189711046745564
multi_scale,0.3/0.5/1.0m,FHB_rate,LinearRegression,5-fold,62,25,-1.7787735876402109,13.770645019013095,7.98540888763281,0.1614763275752148,0.4465233006895356,0418_r1_ND_B1_B2_mean;diff_r1_CI_RE2_median;diff_r1_ND_B5_B6_median;diff_r1_NDRE2_median;ratio_r1_CI_RE2_mean;rel_r1_CI_RE2_mean;0418_r1_ND_B1_B4_median;ratio_r1_NDRE2_mean;rel_r1_NDRE2_mean;diff_r1_ND_B5_B6_mean;diff_r1_NDRE2_mean;diff_r1_CI_RE2_mean;ratio_r1_CI_RE2_median;rel_r1_CI_RE2_median;0418_r1_ND_B1_B2_median;ratio_r1_NDRE2_median;rel_r1_NDRE2_median;0418_r1_ND_B3_B4_median;0418_r1_RENDVI1_median;0510_r1_ND_B5_B6_mean;0510_r1_NDRE2_mean;0510_r1_CI_RE2_mean;ratio_r0p5_CI_RE2_mean;rel_r0p5_CI_RE2_mean;ratio_r0p5_NDRE2_mean,-1.7787735876402109
multi_scale,0.3/0.5/1.0m,FHB_rate,Ridge,5-fold,62,25,-0.1856342607137142,8.995039446877792,6.184049579170863,0.3005099126074558,0.5228511664718014,0418_r1_ND_B1_B2_mean;diff_r1_CI_RE2_median;diff_r1_ND_B5_B6_median;diff_r1_NDRE2_median;ratio_r1_CI_RE2_mean;rel_r1_CI_RE2_mean;0418_r1_ND_B1_B4_median;ratio_r1_NDRE2_mean;rel_r1_NDRE2_mean;diff_r1_ND_B5_B6_mean;diff_r1_NDRE2_mean;diff_r1_CI_RE2_mean;ratio_r1_CI_RE2_median;rel_r1_CI_RE2_median;0418_r1_ND_B1_B2_median;ratio_r1_NDRE2_median;rel_r1_NDRE2_median;0418_r1_ND_B3_B4_median;0418_r1_RENDVI1_median;0510_r1_ND_B5_B6_mean;0510_r1_NDRE2_mean;0510_r1_CI_RE2_mean;ratio_r0p5_CI_RE2_mean;rel_r0p5_CI_RE2_mean;ratio_r0p5_NDRE2_mean,-0.1856342607137142
multi_scale,0.3/0.5/1.0m,FHB_rate,Lasso,5-fold,62,25,-0.364036939340427,9.648077154586876,6.719169091734333,0.2765104621210096,0.490686688404967,0418_r1_ND_B1_B2_mean;diff_r1_CI_RE2_median;diff_r1_ND_B5_B6_median;diff_r1_NDRE2_median;ratio_r1_CI_RE2_mean;rel_r1_CI_RE2_mean;0418_r1_ND_B1_B4_median;ratio_r1_NDRE2_mean;rel_r1_NDRE2_mean;diff_r1_ND_B5_B6_mean;diff_r1_NDRE2_mean;diff_r1_CI_RE2_mean;ratio_r1_CI_RE2_median;rel_r1_CI_RE2_median;0418_r1_ND_B1_B2_median;ratio_r1_NDRE2_median;rel_r1_NDRE2_median;0418_r1_ND_B3_B4_median;0418_r1_RENDVI1_median;0510_r1_ND_B5_B6_mean;0510_r1_NDRE2_mean;0510_r1_CI_RE2_mean;ratio_r0p5_CI_RE2_mean;rel_r0p5_CI_RE2_mean;ratio_r0p5_NDRE2_mean,-0.364036939340427
multi_scale,0.3/0.5/1.0m,FHB_rate,ElasticNet,5-fold,62,25,-0.2363099679331726,9.185258591259498,6.341662347036633,0.2911615484248118,0.5116715656318089,0418_r1_ND_B1_B2_mean;diff_r1_CI_RE2_median;diff_r1_ND_B5_B6_median;diff_r1_NDRE2_median;ratio_r1_CI_RE2_mean;rel_r1_CI_RE2_mean;0418_r1_ND_B1_B4_median;ratio_r1_NDRE2_mean;rel_r1_NDRE2_mean;diff_r1_ND_B5_B6_mean;diff_r1_NDRE2_mean;diff_r1_CI_RE2_mean;ratio_r1_CI_RE2_median;rel_r1_CI_RE2_median;0418_r1_ND_B1_B2_median;ratio_r1_NDRE2_median;rel_r1_NDRE2_median;0418_r1_ND_B3_B4_median;0418_r1_RENDVI1_median;0510_r1_ND_B5_B6_mean;0510_r1_NDRE2_mean;0510_r1_CI_RE2_mean;ratio_r0p5_CI_RE2_mean;rel_r0p5_CI_RE2_mean;ratio_r0p5_NDRE2_mean,-0.2363099679331726
multi_scale,0.3/0.5/1.0m,FHB_rate,PLSRegression,5-fold,62,25,-0.4394009511782726,9.911025526725307,6.631781793429831,0.2400255780608697,0.5238026218624391,0418_r1_ND_B1_B2_mean;diff_r1_CI_RE2_median;diff_r1_ND_B5_B6_median;diff_r1_NDRE2_median;ratio_r1_CI_RE2_mean;rel_r1_CI_RE2_mean;0418_r1_ND_B1_B4_median;ratio_r1_NDRE2_mean;rel_r1_NDRE2_mean;diff_r1_ND_B5_B6_mean;diff_r1_NDRE2_mean;diff_r1_CI_RE2_mean;ratio_r1_CI_RE2_median;rel_r1_CI_RE2_median;0418_r1_ND_B1_B2_median;ratio_r1_NDRE2_median;rel_r1_NDRE2_median;0418_r1_ND_B3_B4_median;0418_r1_RENDVI1_median;0510_r1_ND_B5_B6_mean;0510_r1_NDRE2_mean;0510_r1_CI_RE2_mean;ratio_r0p5_CI_RE2_mean;rel_r0p5_CI_RE2_mean;ratio_r0p5_NDRE2_mean,-0.4394009511782726
multi_scale,0.3/0.5/1.0m,FHB_rate,RandomForest,5-fold,62,25,0.0916634438137112,7.873196639515914,5.163725015810056,0.3856317410406096,0.6121029679768953,0418_r1_ND_B1_B2_mean;diff_r1_CI_RE2_median;diff_r1_ND_B5_B6_median;diff_r1_NDRE2_median;ratio_r1_CI_RE2_mean;rel_r1_CI_RE2_mean;0418_r1_ND_B1_B4_median;ratio_r1_NDRE2_mean;rel_r1_NDRE2_mean;diff_r1_ND_B5_B6_mean;diff_r1_NDRE2_mean;diff_r1_CI_RE2_mean;ratio_r1_CI_RE2_median;rel_r1_CI_RE2_median;0418_r1_ND_B1_B2_median;ratio_r1_NDRE2_median;rel_r1_NDRE2_median;0418_r1_ND_B3_B4_median;0418_r1_RENDVI1_median;0510_r1_ND_B5_B6_mean;0510_r1_NDRE2_mean;0510_r1_CI_RE2_mean;ratio_r0p5_CI_RE2_mean;rel_r0p5_CI_RE2_mean;ratio_r0p5_NDRE2_mean,0.0916634438137112
multi_scale,0.3/0.5/1.0m,FHB_index,LinearRegression,5-fold,62,25,-0.4782712861048181,0.0921012435324704,0.0596890802626776,0.4566298679203517,0.45762808070934,diff_r1_CI_RE2_median;0418_r1_ND_B1_B4_median;0418_r1_ND_B1_B2_mean;diff_r1_ND_B5_B6_median;diff_r1_NDRE2_median;0418_r1_ND_B3_B4_median;0418_r1_RENDVI1_median;0418_r1_ND_B1_B2_median;0418_r0p5_ND_B1_B4_median;diff_r1_CI_RE2_mean;diff_r1_ND_B5_B6_mean;diff_r1_NDRE2_mean;0418_r1_ND_B2_B3_median;rel_r1_CI_RE2_mean;ratio_r1_CI_RE2_mean;0418_r0p5_ND_B1_B4_mean;ratio_r1_NDRE2_mean;rel_r1_NDRE2_mean;ratio_r1_CI_RE2_median;rel_r1_CI_RE2_median;ratio_r1_NDRE2_median;rel_r1_NDRE2_median;0418_r1_ND_B2_B3_mean;0418_r1_ND_B3_B4_mean;0418_r1_RENDVI1_mean,-0.4782712861048181
multi_scale,0.3/0.5/1.0m,FHB_index,Ridge,5-fold,62,25,-0.0444793584087657,0.0774173594231644,0.0517355637428848,0.3908757276357125,0.5325969489541512,diff_r1_CI_RE2_median;0418_r1_ND_B1_B4_median;0418_r1_ND_B1_B2_mean;diff_r1_ND_B5_B6_median;diff_r1_NDRE2_median;0418_r1_ND_B3_B4_median;0418_r1_RENDVI1_median;0418_r1_ND_B1_B2_median;0418_r0p5_ND_B1_B4_median;diff_r1_CI_RE2_mean;diff_r1_ND_B5_B6_mean;diff_r1_NDRE2_mean;0418_r1_ND_B2_B3_median;rel_r1_CI_RE2_mean;ratio_r1_CI_RE2_mean;0418_r0p5_ND_B1_B4_mean;ratio_r1_NDRE2_mean;rel_r1_NDRE2_mean;ratio_r1_CI_RE2_median;rel_r1_CI_RE2_median;ratio_r1_NDRE2_median;rel_r1_NDRE2_median;0418_r1_ND_B2_B3_mean;0418_r1_ND_B3_B4_mean;0418_r1_RENDVI1_mean,-0.0444793584087657
multi_scale,0.3/0.5/1.0m,FHB_index,Lasso,5-fold,62,25,0.1160970550969128,0.0712181542241871,0.0421025726190643,0.341631205892167,0.5244856515631777,diff_r1_CI_RE2_median;0418_r1_ND_B1_B4_median;0418_r1_ND_B1_B2_mean;diff_r1_ND_B5_B6_median;diff_r1_NDRE2_median;0418_r1_ND_B3_B4_median;0418_r1_RENDVI1_median;0418_r1_ND_B1_B2_median;0418_r0p5_ND_B1_B4_median;diff_r1_CI_RE2_mean;diff_r1_ND_B5_B6_mean;diff_r1_NDRE2_mean;0418_r1_ND_B2_B3_median;rel_r1_CI_RE2_mean;ratio_r1_CI_RE2_mean;0418_r0p5_ND_B1_B4_mean;ratio_r1_NDRE2_mean;rel_r1_NDRE2_mean;ratio_r1_CI_RE2_median;rel_r1_CI_RE2_median;ratio_r1_NDRE2_median;rel_r1_NDRE2_median;0418_r1_ND_B2_B3_mean;0418_r1_ND_B3_B4_mean;0418_r1_RENDVI1_mean,0.1160970550969128
multi_scale,0.3/0.5/1.0m,FHB_index,ElasticNet,5-fold,62,25,0.1209096964026741,0.0710240066360784,0.0435971268771498,0.3723106829126101,0.5857111255575024,diff_r1_CI_RE2_median;0418_r1_ND_B1_B4_median;0418_r1_ND_B1_B2_mean;diff_r1_ND_B5_B6_median;diff_r1_NDRE2_median;0418_r1_ND_B3_B4_median;0418_r1_RENDVI1_median;0418_r1_ND_B1_B2_median;0418_r0p5_ND_B1_B4_median;diff_r1_CI_RE2_mean;diff_r1_ND_B5_B6_mean;diff_r1_NDRE2_mean;0418_r1_ND_B2_B3_median;rel_r1_CI_RE2_mean;ratio_r1_CI_RE2_mean;0418_r0p5_ND_B1_B4_mean;ratio_r1_NDRE2_mean;rel_r1_NDRE2_mean;ratio_r1_CI_RE2_median;rel_r1_CI_RE2_median;ratio_r1_NDRE2_median;rel_r1_NDRE2_median;0418_r1_ND_B2_B3_mean;0418_r1_ND_B3_B4_mean;0418_r1_RENDVI1_mean,0.1209096964026741
multi_scale,0.3/0.5/1.0m,FHB_index,PLSRegression,5-fold,62,25,-0.0744924996264284,0.0785217766559807,0.0527302656768264,0.368060485609583,0.5150000147471557,diff_r1_CI_RE2_median;0418_r1_ND_B1_B4_median;0418_r1_ND_B1_B2_mean;diff_r1_ND_B5_B6_median;diff_r1_NDRE2_median;0418_r1_ND_B3_B4_median;0418_r1_RENDVI1_median;0418_r1_ND_B1_B2_median;0418_r0p5_ND_B1_B4_median;diff_r1_CI_RE2_mean;diff_r1_ND_B5_B6_mean;diff_r1_NDRE2_mean;0418_r1_ND_B2_B3_median;rel_r1_CI_RE2_mean;ratio_r1_CI_RE2_mean;0418_r0p5_ND_B1_B4_mean;ratio_r1_NDRE2_mean;rel_r1_NDRE2_mean;ratio_r1_CI_RE2_median;rel_r1_CI_RE2_median;ratio_r1_NDRE2_median;rel_r1_NDRE2_median;0418_r1_ND_B2_B3_mean;0418_r1_ND_B3_B4_mean;0418_r1_RENDVI1_mean,-0.0744924996264284
multi_scale,0.3/0.5/1.0m,FHB_index,RandomForest,5-fold,62,25,0.2051978152031454,0.0675332965081017,0.0393760166521053,0.4745527410627642,0.6038200685699083,diff_r1_CI_RE2_median;0418_r1_ND_B1_B4_median;0418_r1_ND_B1_B2_mean;diff_r1_ND_B5_B6_median;diff_r1_NDRE2_median;0418_r1_ND_B3_B4_median;0418_r1_RENDVI1_median;0418_r1_ND_B1_B2_median;0418_r0p5_ND_B1_B4_median;diff_r1_CI_RE2_mean;diff_r1_ND_B5_B6_mean;diff_r1_NDRE2_mean;0418_r1_ND_B2_B3_median;rel_r1_CI_RE2_mean;ratio_r1_CI_RE2_mean;0418_r0p5_ND_B1_B4_mean;ratio_r1_NDRE2_mean;rel_r1_NDRE2_mean;ratio_r1_CI_RE2_median;rel_r1_CI_RE2_median;ratio_r1_NDRE2_median;rel_r1_NDRE2_median;0418_r1_ND_B2_B3_mean;0418_r1_ND_B3_B4_mean;0418_r1_RENDVI1_mean,0.2051978152031454
