target,feature,n,pearson_r,pearson_p,spearman_r,spearman_p,abs_pearson_r,abs_spearman_r
FHB_index,rel_r0p172_B2_p75,62,0.40335512437233767,0.0011512810977802833,0.4797791985013008,7.954241852860319e-05,0.40335512437233767,0.4797791985013008
FHB_index,ratio_r0p172_B2_p75,62,0.4033551243723376,0.0011512810977802833,0.4797791985013008,7.954241852860319e-05,0.4033551243723376,0.4797791985013008
FHB_index,rel_r0p172_B2_mean,62,0.38536408341114037,0.001981315563859917,0.448142443893318,0.0002595978834904755,0.38536408341114037,0.448142443893318
FHB_index,ratio_r0p172_B2_mean,62,0.3853640834111403,0.001981315563859917,0.448142443893318,0.0002595978834904755,0.3853640834111403,0.448142443893318
FHB_index,rel_r0p172_B4_p75,62,0.4155865021599623,0.0007820960371477378,0.43860291141356844,0.00036277623164264353,0.4155865021599623,0.43860291141356844
FHB_index,ratio_r0p172_B4_p75,62,0.4155865021599622,0.0007820960371477378,0.43860291141356844,0.00036277623164264353,0.4155865021599622,0.43860291141356844
FHB_index,diff_r0p172_B2_p75,62,0.43383049369131954,0.0004273322484549296,0.4385521075357503,0.0003634138667551421,0.43383049369131954,0.4385521075357503
FHB_index,diff_r0p172_ND_B5_B6_mean,62,0.404232235866189,0.0011203378097416465,0.43795616344883964,0.0003709701347142605,0.404232235866189,0.43795616344883964
FHB_index,diff_r0p172_NDRE2_mean,62,-0.404232235866189,0.0011203378097416465,-0.43795616344883964,0.0003709701347142605,0.404232235866189,0.43795616344883964
FHB_index,diff_r0p172_CI_RE2_mean,62,-0.4003969584242806,0.0012613993954541606,-0.4348032671207868,0.0004133825711923916,0.4003969584242806,0.4348032671207868
FHB_index,0418_r0p172_ND_B1_B4_mean,62,0.34035605517731166,0.0067944606123352975,0.4124635145057801,0.0008644446370157614,0.34035605517731166,0.4124635145057801
FHB_index,0510_r0p172_B1_mean,62,0.43817743787367597,0.0003681479397992179,0.40990347047872877,0.0009377068711046439,0.43817743787367597,0.40990347047872877
FHB_index,diff_r0p172_B2_mean,62,0.4279224775291394,0.0005216576411958122,0.4059151913629012,0.001063055551835976,0.4279224775291394,0.4059151913629012
FHB_index,ratio_r0p172_B2_median,62,0.3737706067719486,0.0027674484457691786,0.40419053012362455,0.0011217919895817694,0.3737706067719486,0.40419053012362455
FHB_index,rel_r0p172_B2_median,62,0.37377060677194845,0.002767448445769196,0.40419053012362455,0.0011217919895817694,0.37377060677194845,0.40419053012362455
FHB_index,diff_r0p172_B5_p75,62,0.14160347034946452,0.2722748535898182,0.4030587211853491,0.0011619105168724853,0.14160347034946452,0.4030587211853491
FHB_index,rel_r0p172_B5_p75,62,0.12810831637874695,0.3210543397427294,0.40284313853043957,0.0011696970353544428,0.12810831637874695,0.40284313853043957
FHB_index,ratio_r0p172_B5_p75,62,0.12810831637874687,0.3210543397427294,0.40284313853043957,0.0011696970353544428,0.12810831637874687,0.40284313853043957
FHB_index,0510_r0p172_B1_median,62,0.45312278068796835,0.0002171273926156399,0.39847758976852027,0.001337827210021756,0.45312278068796835,0.39847758976852027
FHB_index,diff_r0p172_B1_p75,62,0.37137433539006626,0.002960941395056603,0.39751747820856076,0.0013775989387589424,0.37137433539006626,0.39751747820856076
FHB_index,diff_r0p172_CI_RE2_median,62,-0.34916537204021775,0.00541071195331322,-0.3961331283963785,0.0014368158417981923,0.34916537204021775,0.3961331283963785
FHB_index,rel_r0p172_B1_p75,62,0.31798211301821844,0.011782878042763232,0.39518995428114895,0.0014784604187614416,0.31798211301821844,0.39518995428114895
FHB_index,ratio_r0p172_B1_p75,62,0.3179821130182184,0.011782878042763295,0.39518995428114895,0.0014784604187614416,0.3179821130182184,0.39518995428114895
FHB_index,diff_r0p172_B1_mean,62,0.3974722578101725,0.0013794980867650388,0.39440846715710165,0.0015137835594685,0.3974722578101725,0.39440846715710165
FHB_index,0510_r0p172_B1_max,62,0.35831013379885124,0.0042427254204742745,0.3938943088570905,0.0015374347847410899,0.35831013379885124,0.3938943088570905
FHB_index,diff_r0p172_B1_median,62,0.4140266457730989,0.0008222956956273278,0.39260296242223386,0.001598305775300886,0.4140266457730989,0.39260296242223386
FHB_index,0418_r0p172_ND_B1_B2_median,62,0.3678386644628019,0.0032684207768845473,0.3914981013158222,0.0016520930820459053,0.3678386644628019,0.3914981013158222
FHB_index,ratio_r0p172_B4_mean,62,0.3863777760953592,0.0019231568966901864,0.390527979368729,0.001700653207470915,0.3863777760953592,0.390527979368729
FHB_index,rel_r0p172_B4_mean,62,0.3863777760953592,0.0019231568966901864,0.390527979368729,0.001700653207470915,0.3863777760953592,0.390527979368729
FHB_index,0510_r0p172_B2_p75,62,0.4389074729166163,0.00035897503206287307,0.38861468330640636,0.0018001906541889301,0.4389074729166163,0.38861468330640636
FHB_num,ratio_r0p172_B2_p75,63,0.3987779652353145,0.0012069186747607765,0.4633131407245634,0.00013137267171825157,0.3987779652353145,0.4633131407245634
FHB_num,rel_r0p172_B2_p75,63,0.3987779652353144,0.0012069186747607848,0.4633131407245634,0.00013137267171825157,0.3987779652353144,0.4633131407245634
FHB_num,rel_r0p172_B2_mean,63,0.39042841536413825,0.0015591308057014293,0.4469039223071782,0.0002408916728833206,0.39042841536413825,0.4469039223071782
FHB_num,ratio_r0p172_B2_mean,63,0.3904284153641382,0.0015591308057014293,0.4469039223071782,0.0002408916728833206,0.3904284153641382,0.4469039223071782
FHB_num,diff_r0p172_ND_B5_B6_mean,63,0.37660611047598164,0.0023484010746189906,0.43338597266812673,0.0003881276880160698,0.37660611047598164,0.43338597266812673
FHB_num,diff_r0p172_NDRE2_mean,63,-0.37660611047598164,0.0023484010746189906,-0.43338597266812673,0.0003881276880160698,0.37660611047598164,0.43338597266812673
FHB_num,diff_r0p172_CI_RE2_mean,63,-0.37495161819419526,0.002463530922143003,-0.42849110535042145,0.0004590785220667656,0.37495161819419526,0.42849110535042145
FHB_num,ratio_r0p172_B4_p75,63,0.3919150464185021,0.0014903633285816243,0.4207303312612099,0.0005960231117000307,0.3919150464185021,0.4207303312612099
FHB_num,rel_r0p172_B4_p75,63,0.3919150464185021,0.0014903633285816243,0.4207303312612099,0.0005960231117000307,0.3919150464185021,0.4207303312612099
FHB_num,ratio_r0p172_NDRE2_mean,63,-0.3362144584249384,0.007057958704424627,-0.417154288298534,0.0006708125030831556,0.3362144584249384,0.417154288298534
FHB_num,rel_r0p172_NDRE2_mean,63,-0.33621445842493836,0.007057958704424627,-0.417154288298534,0.0006708125030831556,0.33621445842493836,0.417154288298534
FHB_num,rel_r0p172_CI_RE2_mean,63,-0.33788894917916634,0.006761645436828351,-0.41555648186840216,0.0007068991648347293,0.33788894917916634,0.41555648186840216
FHB_num,ratio_r0p172_CI_RE2_mean,63,-0.33788894917916623,0.006761645436828351,-0.41555648186840216,0.0007068991648347293,0.33788894917916623,0.41555648186840216
FHB_num,diff_r0p172_B2_p75,63,0.3936252534135206,0.0014146331226829942,0.41549535490734407,0.000708314010173735,0.3936252534135206,0.41549535490734407
FHB_num,rel_r0p172_B5_p75,63,0.1760412905193871,0.1675530934603566,0.4143898295543377,0.0007343492391058237,0.1760412905193871,0.4143898295543377
FHB_num,ratio_r0p172_B5_p75,63,0.17604129051938702,0.1675530934603566,0.4143898295543377,0.0007343492391058237,0.17604129051938702,0.4143898295543377
FHB_num,diff_r0p172_B5_p75,63,0.18381879161515527,0.1492684275702268,0.41428838152702774,0.0007367812320087929,0.18381879161515527,0.41428838152702774
FHB_num,0418_r0p172_ND_B1_B4_mean,63,0.3046377610321437,0.015200224083960557,0.40614717733540395,0.0009574577845137211,0.3046377610321437,0.40614717733540395
FHB_num,ratio_r0p172_B2_median,63,0.3781569438231758,0.0022448713177350755,0.4055638511783717,0.0009753559068767123,0.3781569438231758,0.4055638511783717
FHB_num,rel_r0p172_B2_median,63,0.3781569438231758,0.0022448713177350755,0.4055638511783717,0.0009753559068767123,0.3781569438231758,0.4055638511783717
FHB_num,0418_r0p172_ND_B1_B2_median,63,0.3585093206455084,0.0039120027213360746,0.40006029569680657,0.0011596944310964838,0.3585093206455084,0.40006029569680657
FHB_num,diff_r0p172_CI_RE2_median,63,-0.3142915349511015,0.01212180881455369,-0.39770162906185014,0.001247886084568919,0.3142915349511015,0.39770162906185014
FHB_num,diff_r0p172_B2_mean,63,0.40180416630700655,0.0010981450498177042,0.3967125107955781,0.0012866331361562882,0.40180416630700655,0.3967125107955781
FHB_num,0510_r0p172_B1_mean,63,0.36594562432266386,0.003183041183213655,0.38811479048105946,0.0016718299141242935,0.36594562432266386,0.38811479048105946
FHB_num,diff_r0p172_B1_median,63,0.36819778259341385,0.002987483605118002,0.38621263996899774,0.0017699009605709624,0.36819778259341385,0.38621263996899774
FHB_num,0510_r0p172_B1_median,63,0.38357464527061613,0.0019144424784216245,0.3859590199007229,0.0017833593798622963,0.38357464527061613,0.3859590199007229
FHB_num,diff_r0p172_B1_mean,63,0.3481671058952451,0.005170444067269164,0.38332137119066406,0.0019288612004686114,0.3481671058952451,0.38332137119066406
FHB_num,ratio_r0p172_B4_mean,63,0.3654672254624559,0.0032260169479925546,0.37852795190026867,0.002220716366356529,0.3654672254624559,0.37852795190026867
FHB_num,rel_r0p172_B4_mean,63,0.3654672254624559,0.0032260169479925546,0.37852795190026867,0.002220716366356529,0.3654672254624559,0.37852795190026867
FHB_num,diff_r0p172_ND_B5_B6_median,63,0.31746920862116623,0.011234085337402088,0.37794462574323645,0.002258799901261737,0.31746920862116623,0.37794462574323645
FHB_rate,rel_r0p172_B2_p75,62,0.44796280934761995,0.0002612627334786857,0.501311273600421,3.319623341127036e-05,0.44796280934761995,0.501311273600421
FHB_rate,ratio_r0p172_B2_p75,62,0.4479628093476199,0.0002612627334786857,0.501311273600421,3.319623341127036e-05,0.4479628093476199,0.501311273600421
FHB_rate,ratio_r0p172_B2_mean,62,0.42884037380194345,0.0005058605314990099,0.47905778918606234,8.182387764234482e-05,0.42884037380194345,0.47905778918606234
FHB_rate,rel_r0p172_B2_mean,62,0.42884037380194345,0.0005058605314990099,0.47905778918606234,8.182387764234482e-05,0.42884037380194345,0.47905778918606234
FHB_rate,diff_r0p172_B2_p75,62,0.4581333370621199,0.00018090434613394157,0.45875097355557065,0.00017684520693475226,0.4581333370621199,0.45875097355557065
FHB_rate,rel_r0p172_B4_p75,62,0.4436374180351893,0.0003044159663277238,0.455324263052934,0.0002004648332517885,0.4436374180351893,0.455324263052934
FHB_rate,ratio_r0p172_B4_p75,62,0.44363741803518925,0.00030441596632772616,0.455324263052934,0.0002004648332517885,0.44363741803518925,0.455324263052934
FHB_rate,ratio_r0p172_B2_median,62,0.4169765823873707,0.0007477789795303816,0.436215867290961,0.00039386281501381753,0.4169765823873707,0.436215867290961
FHB_rate,rel_r0p172_B2_median,62,0.4169765823873706,0.0007477789795303869,0.436215867290961,0.00039386281501381753,0.4169765823873706,0.436215867290961
FHB_rate,diff_r0p172_B2_mean,62,0.4530394901166506,0.00021778198726355073,0.4297671140877502,0.0004903533018808057,0.4530394901166506,0.4297671140877502
FHB_rate,0510_r0p172_B1_mean,62,0.43554872649150744,0.00040297451140521777,0.4281813551033541,0.0005171575719371888,0.43554872649150744,0.4281813551033541
FHB_rate,diff_r0p172_B1_median,62,0.4355178887681721,0.00040340029091782335,0.4240319524275176,0.0005937095894294992,0.4355178887681721,0.4240319524275176
FHB_rate,0510_r0p172_B1_median,62,0.45455245479240336,0.00020616834785587438,0.4233976488337592,0.0006062774883663995,0.45455245479240336,0.4233976488337592
FHB_rate,diff_r0p172_B1_mean,62,0.4129572634572544,0.000850924724053032,0.4219968950642093,0.0006348904751162594,0.4129572634572544,0.4219968950642093
FHB_rate,ratio_r0p172_B4_mean,62,0.4098060445801316,0.0009406025206912796,0.41168946166563464,0.0008860308868720128,0.4098060445801316,0.41168946166563464
FHB_rate,rel_r0p172_B4_mean,62,0.40980604458013153,0.0009406025206912862,0.41168946166563464,0.0008860308868720128,0.40980604458013153,0.41168946166563464
FHB_rate,rel_r0p172_B1_p75,62,0.35177464564037975,0.005051606510128602,0.41163660303282146,0.0008875225830673326,0.35177464564037975,0.41163660303282146
FHB_rate,ratio_r0p172_B1_p75,62,0.3517746456403797,0.005051606510128602,0.41163660303282146,0.0008875225830673326,0.3517746456403797,0.41163660303282146
FHB_rate,diff_r0p172_B1_p75,62,0.384849272843816,0.0020114500303990385,0.4115808942774905,0.0008890971662103748,0.384849272843816,0.4115808942774905
FHB_rate,diff_r0p172_ND_B5_B6_mean,62,0.40571217992354797,0.0010698224427402982,0.40883509549372166,0.0009699048654871528,0.40571217992354797,0.40883509549372166
FHB_rate,diff_r0p172_NDRE2_mean,62,-0.40571217992354797,0.0010698224427402982,-0.40883509549372166,0.0009699048654871528,0.40571217992354797,0.40883509549372166
FHB_rate,ratio_r0p172_B5_p75,62,0.19513512310650866,0.12854152071342245,0.40754005898979817,0.0010102696601758296,0.19513512310650866,0.40754005898979817
FHB_rate,rel_r0p172_B5_p75,62,0.19513512310650866,0.12854152071342245,0.40754005898979817,0.0010102696601758296,0.19513512310650866,0.40754005898979817
FHB_rate,diff_r0p172_B5_p75,62,0.20367450175446544,0.11233381024969591,0.4067471794976001,0.0010357245489886126,0.20367450175446544,0.4067471794976001
FHB_rate,0510_r0p172_B2_p75,62,0.4475301623000776,0.0002653126155551307,0.40619216385306145,0.0010538855871155147,0.4475301623000776,0.40619216385306145
FHB_rate,rel_r0p172_B1_mean,62,0.35595393665339603,0.004520082047482649,0.40444782897022574,0.0011128476400824793,0.35595393665339603,0.40444782897022574
FHB_rate,ratio_r0p172_B1_mean,62,0.355953936653396,0.004520082047482676,0.40444782897022574,0.0011128476400824793,0.355953936653396,0.40444782897022574
FHB_rate,diff_r0p172_CI_RE2_mean,62,-0.40487603285026896,0.001098104579790629,-0.40413067717334655,0.0011238818909270125,0.40487603285026896,0.40413067717334655
FHB_rate,0510_r0p172_B2_mean,62,0.4488111916159289,0.0002534847971991191,0.39947911748578463,0.0012974428362837816,0.4488111916159289,0.39947911748578463
FHB_rate,diff_r0p172_B2_median,62,0.4356914260450129,0.0004010095661669196,0.39810479303264135,0.0013531456913144315,0.4356914260450129,0.39810479303264135
Flower_num,0510_r0p172_ND_B2_B3_median,33,-0.5264520911132502,0.0016485997005242267,-0.6586708111663896,3.081388048805021e-05,0.5264520911132502,0.6586708111663896
Flower_num,diff_r0p172_DVI_mean,33,-0.5470681876195369,0.0009857711325117603,-0.595876295903522,0.0002533158937497983,0.5470681876195369,0.595876295903522
Flower_num,rel_r0p172_DVI_median,33,-0.5258315811302662,0.0016734824212670779,-0.59318989952864,0.0002745439179747814,0.5258315811302662,0.59318989952864
Flower_num,ratio_r0p172_DVI_median,33,-0.525831581130266,0.0016734824212670959,-0.59318989952864,0.0002745439179747814,0.525831581130266,0.59318989952864
Flower_num,0510_r0p172_ND_B1_B3_median,33,-0.5570094179830202,0.0007601187087778833,-0.5837875122165529,0.00036186239997069346,0.5570094179830202,0.5837875122165529
Flower_num,0510_r0p172_ND_B2_B3_mean,33,-0.515144057562583,0.002156636697420695,-0.5740493253576054,0.00047749132026709466,0.515144057562583,0.5740493253576054
Flower_num,0510_r0p172_EVI_median,33,-0.5296048226547309,0.0015271043631374648,-0.5713629289827235,0.0005146691811993004,0.5296048226547309,0.5713629289827235
Flower_num,rel_r0p172_RENDVI1_median,33,-0.46712638971143605,0.006130380937293718,-0.5639753389517979,0.000630452600338176,0.46712638971143605,0.5639753389517979
Flower_num,ratio_r0p172_RENDVI1_median,33,-0.467126389711436,0.006130380937293718,-0.5639753389517979,0.000630452600338176,0.467126389711436,0.5639753389517979
Flower_num,ratio_r0p172_DVI_mean,33,-0.5393357495944573,0.0012000726809975383,-0.5609531430300555,0.0006840896791508067,0.5393357495944573,0.5609531430300555
Flower_num,rel_r0p172_DVI_mean,33,-0.5393357495944573,0.0012000726809975383,-0.5609531430300555,0.0006840896791508067,0.5393357495944573,0.5609531430300555
Flower_num,diff_r0p172_DVI_median,33,-0.5270781826920863,0.0016238215049610212,-0.5602815439363351,0.0006965420942112946,0.5270781826920863,0.5602815439363351
Flower_num,diff_r0p172_ND_B3_B5_median,33,0.5111885606173963,0.002364028841524556,0.5586025462020338,0.0007285525413189768,0.5111885606173963,0.5586025462020338
Flower_num,diff_r0p172_RENDVI2_median,33,-0.5111885606173963,0.002364028841524556,-0.5586025462020338,0.0007285525413189768,0.5111885606173963,0.5586025462020338
Flower_num,ratio_r0p172_EVI_median,33,-0.5249246340469853,0.0017104416693414877,-0.5580988468817434,0.0007384054065387915,0.5249246340469853,0.5580988468817434
Flower_num,rel_r0p172_EVI_median,33,-0.5249246340469853,0.0017104416693414877,-0.5580988468817434,0.0007384054065387915,0.5249246340469853,0.5580988468817434
Flower_num,rel_r0p172_RENDVI2_median,33,-0.5131335732155514,0.002259978121146347,-0.5579309471083133,0.0007417157147974015,0.5131335732155514,0.5579309471083133
Flower_num,ratio_r0p172_RENDVI2_median,33,-0.5131335732155513,0.002259978121146347,-0.5579309471083133,0.0007417157147974015,0.5131335732155513,0.5579309471083133
Flower_num,diff_r0p172_ND_B3_B4_median,33,0.44252993263228146,0.009914005843417522,0.552390254585119,0.0008585655427384685,0.44252993263228146,0.552390254585119
Flower_num,diff_r0p172_RENDVI1_median,33,-0.44252993263228146,0.009914005843417522,-0.552390254585119,0.0008585655427384685,0.44252993263228146,0.552390254585119
Flower_num,diff_r0p172_SAVI_median,33,-0.5049089178587273,0.002728935060239186,-0.5520544550382588,0.000866141493206586,0.5049089178587273,0.5520544550382588
Flower_num,diff_r0p172_ND_B3_B6_median,33,0.5049022381965346,0.0027293478550951124,0.5520544550382588,0.000866141493206586,0.5049022381965346,0.5520544550382588
Flower_num,diff_r0p172_NDVI_median,33,-0.5049022381965346,0.0027293478550951124,-0.5520544550382588,0.000866141493206586,0.5049022381965346,0.5520544550382588
Flower_num,0510_r0p172_ND_B1_B3_mean,33,-0.527985028461,0.0015885095943968558,-0.5518865552648287,0.0008699514976303985,0.527985028461,0.5518865552648287
Flower_num,ratio_r0p172_SAVI_median,33,-0.504999825133003,0.0027233224874962845,-0.5468495620619248,0.000991333480849633,0.504999825133003,0.5468495620619248
Flower_num,rel_r0p172_SAVI_median,33,-0.5049998251330029,0.0027233224874962845,-0.5468495620619248,0.000991333480849633,0.5049998251330029,0.5468495620619248
Flower_num,ratio_r0p172_NDVI_median,33,-0.5049941255699906,0.002723674081254274,-0.5468495620619248,0.000991333480849633,0.5049941255699906,0.5468495620619248
Flower_num,rel_r0p172_NDVI_median,33,-0.5049941255699903,0.0027236740812542877,-0.5468495620619248,0.000991333480849633,0.5049941255699903,0.5468495620619248
Flower_num,diff_r0p172_EVI_median,33,-0.5167714023471066,0.00207602725879499,-0.5436594663667524,0.0010756949466126054,0.5167714023471066,0.5436594663667524
Flower_num,diff_r0p172_ND_B4_B5_median,33,0.5405773205821368,0.0011631274394025904,0.5433236668198922,0.0010849317046638647,0.5405773205821368,0.5433236668198922
Flower_rat,0510_r0p172_ND_B2_B3_median,33,-0.5264317330462801,0.0016494109081382296,-0.6586708111663896,3.081388048805021e-05,0.5264317330462801,0.6586708111663896
Flower_rat,diff_r0p172_DVI_mean,33,-0.5470434223187081,0.0009863998384771156,-0.595876295903522,0.0002533158937497983,0.5470434223187081,0.595876295903522
Flower_rat,rel_r0p172_DVI_median,33,-0.5258038449346297,0.0016746022761176104,-0.59318989952864,0.0002745439179747814,0.5258038449346297,0.59318989952864
Flower_rat,ratio_r0p172_DVI_median,33,-0.5258038449346295,0.0016746022761176104,-0.59318989952864,0.0002745439179747814,0.5258038449346295,0.59318989952864
Flower_rat,0510_r0p172_ND_B1_B3_median,33,-0.5569812755427715,0.0007606869950142483,-0.5837875122165529,0.00036186239997069346,0.5569812755427715,0.5837875122165529
Flower_rat,0510_r0p172_ND_B2_B3_mean,33,-0.5151291287855875,0.0021573886244795103,-0.5740493253576054,0.00047749132026709466,0.5151291287855875,0.5740493253576054
Flower_rat,0510_r0p172_EVI_median,33,-0.5295795887905341,0.0015280448016046966,-0.5713629289827235,0.0005146691811993004,0.5295795887905341,0.5713629289827235
Flower_rat,ratio_r0p172_RENDVI1_median,33,-0.46709886072411094,0.006133799497384714,-0.5639753389517979,0.000630452600338176,0.46709886072411094,0.5639753389517979
Flower_rat,rel_r0p172_RENDVI1_median,33,-0.4670988607241109,0.006133799497384714,-0.5639753389517979,0.000630452600338176,0.4670988607241109,0.5639753389517979
Flower_rat,ratio_r0p172_DVI_mean,33,-0.5393105559381107,0.0012008329023536007,-0.5609531430300555,0.0006840896791508067,0.5393105559381107,0.5609531430300555
Flower_rat,rel_r0p172_DVI_mean,33,-0.5393105559381107,0.0012008329023536007,-0.5609531430300555,0.0006840896791508067,0.5393105559381107,0.5609531430300555
Flower_rat,diff_r0p172_DVI_median,33,-0.5270514648523118,0.0016248722014962091,-0.5602815439363351,0.0006965420942112946,0.5270514648523118,0.5602815439363351
Flower_rat,diff_r0p172_ND_B3_B5_median,33,0.5111651901764731,0.0023653039823731364,0.5586025462020338,0.0007285525413189768,0.5111651901764731,0.5586025462020338
Flower_rat,diff_r0p172_RENDVI2_median,33,-0.5111651901764731,0.0023653039823731364,-0.5586025462020338,0.0007285525413189768,0.5111651901764731,0.5586025462020338
Flower_rat,ratio_r0p172_EVI_median,33,-0.5248979655330973,0.001711539151763174,-0.5580988468817434,0.0007384054065387915,0.5248979655330973,0.5580988468817434
Flower_rat,rel_r0p172_EVI_median,33,-0.5248979655330972,0.001711539151763174,-0.5580988468817434,0.0007384054065387915,0.5248979655330972,0.5580988468817434
Flower_rat,ratio_r0p172_RENDVI2_median,33,-0.5131105276840588,0.0022611872423366195,-0.5579309471083133,0.0007417157147974015,0.5131105276840588,0.5579309471083133
Flower_rat,rel_r0p172_RENDVI2_median,33,-0.5131105276840588,0.0022611872423366195,-0.5579309471083133,0.0007417157147974015,0.5131105276840588,0.5579309471083133
Flower_rat,diff_r0p172_ND_B3_B4_median,33,0.4425015066014132,0.009919320270867713,0.552390254585119,0.0008585655427384685,0.4425015066014132,0.552390254585119
Flower_rat,diff_r0p172_RENDVI1_median,33,-0.4425015066014132,0.009919320270867713,-0.552390254585119,0.0008585655427384685,0.4425015066014132,0.552390254585119
Flower_rat,diff_r0p172_SAVI_median,33,-0.5048858050521814,0.0027303636337409043,-0.5520544550382588,0.000866141493206586,0.5048858050521814,0.5520544550382588
Flower_rat,diff_r0p172_ND_B3_B6_median,33,0.504879125740552,0.002730776594455062,0.5520544550382588,0.000866141493206586,0.504879125740552,0.5520544550382588
Flower_rat,diff_r0p172_NDVI_median,33,-0.504879125740552,0.002730776594455062,-0.5520544550382588,0.000866141493206586,0.504879125740552,0.5520544550382588
Flower_rat,0510_r0p172_ND_B1_B3_mean,33,-0.5279622332558074,0.0015893889274340434,-0.5518865552648287,0.0008699514976303985,0.5279622332558074,0.5518865552648287
Flower_rat,ratio_r0p172_SAVI_median,33,-0.5049770002034911,0.0027247307452367042,-0.5468495620619248,0.000991333480849633,0.5049770002034911,0.5468495620619248
Flower_rat,rel_r0p172_SAVI_median,33,-0.504977000203491,0.002724730745236718,-0.5468495620619248,0.000991333480849633,0.504977000203491,0.5468495620619248
Flower_rat,ratio_r0p172_NDVI_median,33,-0.5049713009808227,0.002725082475777308,-0.5468495620619248,0.000991333480849633,0.5049713009808227,0.5468495620619248
Flower_rat,rel_r0p172_NDVI_median,33,-0.5049713009808227,0.002725082475777308,-0.5468495620619248,0.000991333480849633,0.5049713009808227,0.5468495620619248
Flower_rat,diff_r0p172_EVI_median,33,-0.5167440869509449,0.0020773583350692424,-0.5436594663667524,0.0010756949466126054,0.5167440869509449,0.5436594663667524
Flower_rat,diff_r0p172_ND_B4_B5_median,33,0.5405585698226503,0.0011636778910575673,0.5433236668198922,0.0010849317046638647,0.5405585698226503,0.5433236668198922
