target,model,feature,importance
Flower_num,LinearRegression,diff_r0p172_SAVI_median,154553.11971986474
Flower_num,LinearRegression,diff_r0p172_ND_B3_B6_median,77193.27090414402
Flower_num,LinearRegression,diff_r0p172_NDVI_median,77193.27090390709
Flower_num,LinearRegression,ratio_r0p172_RENDVI2_median,340.2160874753953
Flower_num,LinearRegression,rel_r0p172_RENDVI2_median,340.2160818830409
Flower_num,LinearRegression,diff_r0p172_ND_B3_B5_median,320.7080759530728
Flower_num,LinearRegression,diff_r0p172_RENDVI2_median,320.7080758632576
Flower_num,LinearRegression,0510_r0p172_EVI_median,154.0830594325372
Flower_num,LinearRegression,ratio_r0p172_SAVI_median,145.28417066313736
Flower_num,LinearRegression,diff_r0p172_DVI_mean,100.99552200026785
Flower_num,LinearRegression,diff_r0p172_DVI_median,70.5697002732495
Flower_num,LinearRegression,0510_r0p172_ND_B1_B3_median,53.428481761119144
Flower_num,LinearRegression,ratio_r0p172_DVI_mean,49.889038356412776
Flower_num,LinearRegression,rel_r0p172_DVI_mean,49.8890344516679
Flower_num,LinearRegression,ratio_r0p172_DVI_median,32.48591099256791
Flower_num,LinearRegression,rel_r0p172_DVI_median,32.48590946968804
Flower_num,LinearRegression,ratio_r0p172_EVI_median,25.448689000942057
Flower_num,LinearRegression,rel_r0p172_EVI_median,25.448687648338797
Flower_num,LinearRegression,0510_r0p172_ND_B2_B3_mean,6.193395680661882
Flower_num,LinearRegression,0510_r0p172_ND_B2_B3_median,5.606077011620345
Flower_num,LinearRegression,rel_r0p172_RENDVI1_median,4.748761005896962
Flower_num,LinearRegression,ratio_r0p172_RENDVI1_median,4.748757308817282
Flower_num,LinearRegression,diff_r0p172_ND_B3_B4_median,4.505309533073486
Flower_num,LinearRegression,diff_r0p172_RENDVI1_median,4.505309533073486
Flower_num,LinearRegression,0510_r0p172_ND_B1_B3_mean,2.0710025037114086
Flower_num,Ridge,0510_r0p172_ND_B1_B3_median,3.506580195536047
Flower_num,Ridge,diff_r0p172_DVI_mean,1.8210324220180756
Flower_num,Ridge,0510_r0p172_ND_B2_B3_mean,1.2710492226343593
Flower_num,Ridge,diff_r0p172_ND_B3_B4_median,1.2066476407041158
Flower_num,Ridge,diff_r0p172_RENDVI1_median,1.2066476407041138
Flower_num,Ridge,diff_r0p172_DVI_median,1.19887429943151
Flower_num,Ridge,0510_r0p172_ND_B1_B3_mean,0.9395761856936362
Flower_num,Ridge,ratio_r0p172_EVI_median,0.7863171151121409
Flower_num,Ridge,rel_r0p172_EVI_median,0.7863171151121229
Flower_num,Ridge,ratio_r0p172_RENDVI2_median,0.5136792075641969
Flower_num,Ridge,rel_r0p172_RENDVI2_median,0.5136792075641791
Flower_num,Ridge,diff_r0p172_ND_B3_B6_median,0.43354829135889766
Flower_num,Ridge,diff_r0p172_NDVI_median,0.43354829135889467
Flower_num,Ridge,diff_r0p172_SAVI_median,0.43330083592778557
Flower_num,Ridge,0510_r0p172_ND_B2_B3_median,0.33787289921573943
Flower_num,Ridge,diff_r0p172_ND_B3_B5_median,0.3080923484241447
Flower_num,Ridge,diff_r0p172_RENDVI2_median,0.308092348424144
Flower_num,Ridge,ratio_r0p172_SAVI_median,0.2897060740121803
Flower_num,Ridge,rel_r0p172_RENDVI1_median,0.26070651858527205
Flower_num,Ridge,ratio_r0p172_RENDVI1_median,0.2607065185852702
Flower_num,Ridge,0510_r0p172_EVI_median,0.20551550234324542
Flower_num,Ridge,rel_r0p172_DVI_mean,0.11076171049256886
Flower_num,Ridge,ratio_r0p172_DVI_mean,0.11076171049253204
Flower_num,Ridge,ratio_r0p172_DVI_median,0.03220150671138479
Flower_num,Ridge,rel_r0p172_DVI_median,0.0322015067113801
Flower_num,Lasso,0510_r0p172_ND_B1_B3_median,9.39637857490767
Flower_num,Lasso,0510_r0p172_ND_B1_B3_mean,6.331065799380162
Flower_num,Lasso,0510_r0p172_ND_B2_B3_mean,6.305970834148091
Flower_num,Lasso,diff_r0p172_ND_B3_B4_median,3.508776107558998
Flower_num,Lasso,0510_r0p172_EVI_median,2.993580125641638
Flower_num,Lasso,0510_r0p172_ND_B2_B3_median,2.962590026044481
Flower_num,Lasso,ratio_r0p172_EVI_median,1.8193756760063389
Flower_num,Lasso,rel_r0p172_DVI_median,1.4622446871575965
Flower_num,Lasso,diff_r0p172_DVI_median,1.2714092168425415
Flower_num,Lasso,rel_r0p172_RENDVI2_median,1.0312787294202959
Flower_num,Lasso,diff_r0p172_RENDVI1_median,1.031551948237779e-12
Flower_num,Lasso,ratio_r0p172_RENDVI2_median,5.806701920643278e-13
Flower_num,Lasso,rel_r0p172_EVI_median,3.801605495048287e-13
Flower_num,Lasso,diff_r0p172_DVI_mean,0.0
Flower_num,Lasso,ratio_r0p172_DVI_median,0.0
Flower_num,Lasso,rel_r0p172_RENDVI1_median,0.0
Flower_num,Lasso,ratio_r0p172_RENDVI1_median,0.0
Flower_num,Lasso,ratio_r0p172_DVI_mean,0.0
Flower_num,Lasso,rel_r0p172_DVI_mean,0.0
Flower_num,Lasso,diff_r0p172_ND_B3_B5_median,0.0
Flower_num,Lasso,diff_r0p172_RENDVI2_median,0.0
Flower_num,Lasso,diff_r0p172_SAVI_median,0.0
Flower_num,Lasso,diff_r0p172_ND_B3_B6_median,0.0
Flower_num,Lasso,diff_r0p172_NDVI_median,0.0
Flower_num,Lasso,ratio_r0p172_SAVI_median,0.0
Flower_num,ElasticNet,0510_r0p172_ND_B1_B3_median,5.150700690622031
Flower_num,ElasticNet,0510_r0p172_ND_B1_B3_mean,2.1440208565681975
Flower_num,ElasticNet,0510_r0p172_ND_B2_B3_mean,2.121941941407272
Flower_num,ElasticNet,diff_r0p172_DVI_mean,1.9013800636742857
Flower_num,ElasticNet,diff_r0p172_RENDVI1_median,1.5026576776614302
Flower_num,ElasticNet,diff_r0p172_ND_B3_B4_median,1.500890187046828
Flower_num,ElasticNet,diff_r0p172_DVI_median,1.1114769233807078
Flower_num,ElasticNet,0510_r0p172_EVI_median,1.0306194069355454
Flower_num,ElasticNet,rel_r0p172_EVI_median,0.7249503901222012
Flower_num,ElasticNet,ratio_r0p172_EVI_median,0.7155716580941901
Flower_num,ElasticNet,ratio_r0p172_RENDVI2_median,0.42014890139092725
Flower_num,ElasticNet,rel_r0p172_RENDVI2_median,0.415967183366501
Flower_num,ElasticNet,diff_r0p172_NDVI_median,0.20051396041737266
Flower_num,ElasticNet,diff_r0p172_ND_B3_B6_median,0.19666923161613725
Flower_num,ElasticNet,diff_r0p172_SAVI_median,0.18811465752080891
Flower_num,ElasticNet,0510_r0p172_ND_B2_B3_median,0.14249934341353163
Flower_num,ElasticNet,ratio_r0p172_DVI_mean,0.12019418670454406
Flower_num,ElasticNet,rel_r0p172_DVI_mean,0.11791035512723463
Flower_num,ElasticNet,rel_r0p172_DVI_median,0.0
Flower_num,ElasticNet,ratio_r0p172_DVI_median,0.0
Flower_num,ElasticNet,rel_r0p172_RENDVI1_median,0.0
Flower_num,ElasticNet,ratio_r0p172_RENDVI1_median,0.0
Flower_num,ElasticNet,diff_r0p172_ND_B3_B5_median,0.0
Flower_num,ElasticNet,diff_r0p172_RENDVI2_median,0.0
Flower_num,ElasticNet,ratio_r0p172_SAVI_median,0.0
Flower_num,PLSRegression,0510_r0p172_ND_B1_B3_median,4.76972220087664
Flower_num,PLSRegression,diff_r0p172_DVI_mean,2.411023782312682
Flower_num,PLSRegression,diff_r0p172_DVI_median,1.6073539959815741
Flower_num,PLSRegression,diff_r0p172_ND_B3_B4_median,1.1007731711568567
Flower_num,PLSRegression,diff_r0p172_RENDVI1_median,1.1007731711568567
Flower_num,PLSRegression,0510_r0p172_ND_B2_B3_median,0.9393927646744452
Flower_num,PLSRegression,0510_r0p172_ND_B1_B3_mean,0.9204876467298514
Flower_num,PLSRegression,ratio_r0p172_SAVI_median,0.7568264548811672
Flower_num,PLSRegression,diff_r0p172_ND_B3_B6_median,0.7406137573500825
Flower_num,PLSRegression,diff_r0p172_NDVI_median,0.7406137573500825
Flower_num,PLSRegression,diff_r0p172_SAVI_median,0.740407687578862
Flower_num,PLSRegression,rel_r0p172_EVI_median,0.7299854187054456
Flower_num,PLSRegression,ratio_r0p172_EVI_median,0.7299854187054424
Flower_num,PLSRegression,ratio_r0p172_DVI_median,0.5711922408280549
Flower_num,PLSRegression,rel_r0p172_DVI_median,0.571192240828053
Flower_num,PLSRegression,0510_r0p172_ND_B2_B3_mean,0.5167669629113935
Flower_num,PLSRegression,ratio_r0p172_RENDVI2_median,0.40965910086059004
Flower_num,PLSRegression,rel_r0p172_RENDVI2_median,0.409659100860583
Flower_num,PLSRegression,diff_r0p172_ND_B3_B5_median,0.36908069189746306
Flower_num,PLSRegression,diff_r0p172_RENDVI2_median,0.36908069189746306
Flower_num,PLSRegression,rel_r0p172_RENDVI1_median,0.35683381028759115
Flower_num,PLSRegression,ratio_r0p172_RENDVI1_median,0.3568338102875887
Flower_num,PLSRegression,0510_r0p172_EVI_median,0.3114691488614444
Flower_num,PLSRegression,ratio_r0p172_DVI_mean,0.10746798556483905
Flower_num,PLSRegression,rel_r0p172_DVI_mean,0.10746798556483796
Flower_num,RandomForest,diff_r0p172_DVI_mean,0.09507944100738652
Flower_num,RandomForest,diff_r0p172_DVI_median,0.07404330616700719
Flower_num,RandomForest,0510_r0p172_ND_B2_B3_median,0.07195362894724555
Flower_num,RandomForest,rel_r0p172_DVI_mean,0.06313753851580525
Flower_num,RandomForest,ratio_r0p172_DVI_median,0.055773055508015534
Flower_num,RandomForest,rel_r0p172_DVI_median,0.05520893463711985
Flower_num,RandomForest,rel_r0p172_RENDVI1_median,0.05417857606339809
Flower_num,RandomForest,diff_r0p172_RENDVI1_median,0.05403501969486739
Flower_num,RandomForest,ratio_r0p172_DVI_mean,0.04954119385419481
Flower_num,RandomForest,0510_r0p172_ND_B1_B3_median,0.049218211149661524
Flower_num,RandomForest,0510_r0p172_ND_B2_B3_mean,0.0478708484919558
Flower_num,RandomForest,diff_r0p172_ND_B3_B4_median,0.04467993322563032
Flower_num,RandomForest,ratio_r0p172_RENDVI1_median,0.04270666600385354
Flower_num,RandomForest,ratio_r0p172_SAVI_median,0.03441981884308363
Flower_num,RandomForest,rel_r0p172_EVI_median,0.03441754721781322
Flower_num,RandomForest,0510_r0p172_ND_B1_B3_mean,0.026924204221167872
Flower_num,RandomForest,diff_r0p172_SAVI_median,0.024953331432515772
Flower_num,RandomForest,diff_r0p172_ND_B3_B6_median,0.023566484081375596
Flower_num,RandomForest,0510_r0p172_EVI_median,0.02247163643729205
Flower_num,RandomForest,diff_r0p172_NDVI_median,0.01561565428410694
Flower_num,RandomForest,ratio_r0p172_EVI_median,0.015553235838120391
Flower_num,RandomForest,diff_r0p172_RENDVI2_median,0.013516633066595049
Flower_num,RandomForest,rel_r0p172_RENDVI2_median,0.012443107104779437
Flower_num,RandomForest,diff_r0p172_ND_B3_B5_median,0.011394361858340826
Flower_num,RandomForest,ratio_r0p172_RENDVI2_median,0.0072976323486678984
Flower_rat,LinearRegression,diff_r0p172_SAVI_median,515340.07872272405
Flower_rat,LinearRegression,diff_r0p172_ND_B3_B6_median,257392.32359325714
Flower_rat,LinearRegression,diff_r0p172_NDVI_median,257392.32359325714
Flower_rat,LinearRegression,ratio_r0p172_RENDVI2_median,1134.1976801580909
Flower_rat,LinearRegression,rel_r0p172_RENDVI2_median,1134.197660442418
Flower_rat,LinearRegression,diff_r0p172_ND_B3_B5_median,1069.1658589397355
Flower_rat,LinearRegression,diff_r0p172_RENDVI2_median,1069.165858440901
Flower_rat,LinearRegression,0510_r0p172_EVI_median,513.6435502381162
Flower_rat,LinearRegression,ratio_r0p172_SAVI_median,484.4462261335368
Flower_rat,LinearRegression,diff_r0p172_DVI_mean,336.63977292235325
Flower_rat,LinearRegression,diff_r0p172_DVI_median,235.2129425482713
Flower_rat,LinearRegression,0510_r0p172_ND_B1_B3_median,178.09906082983534
Flower_rat,LinearRegression,ratio_r0p172_DVI_mean,166.28989229068787
Flower_rat,LinearRegression,rel_r0p172_DVI_mean,166.2898799873303
Flower_rat,LinearRegression,ratio_r0p172_DVI_median,108.27261310370433
Flower_rat,LinearRegression,rel_r0p172_DVI_median,108.27259924296236
Flower_rat,LinearRegression,ratio_r0p172_EVI_median,84.83825824417913
Flower_rat,LinearRegression,rel_r0p172_EVI_median,84.8382548569346
Flower_rat,LinearRegression,0510_r0p172_ND_B2_B3_mean,20.650978056767958
Flower_rat,LinearRegression,0510_r0p172_ND_B2_B3_median,18.689542583426974
Flower_rat,LinearRegression,rel_r0p172_RENDVI1_median,15.837810858198823
Flower_rat,LinearRegression,ratio_r0p172_RENDVI1_median,15.837802454402755
Flower_rat,LinearRegression,diff_r0p172_ND_B3_B4_median,15.024478291586256
Flower_rat,LinearRegression,diff_r0p172_RENDVI1_median,15.024478291586256
Flower_rat,LinearRegression,0510_r0p172_ND_B1_B3_mean,6.904324415740348
Flower_rat,Ridge,0510_r0p172_ND_B1_B3_median,11.68773034514881
Flower_rat,Ridge,diff_r0p172_DVI_mean,6.071164940923011
Flower_rat,Ridge,0510_r0p172_ND_B2_B3_mean,4.238837104367776
Flower_rat,Ridge,diff_r0p172_ND_B3_B4_median,4.022795254073815
Flower_rat,Ridge,diff_r0p172_RENDVI1_median,4.022795254073787
Flower_rat,Ridge,diff_r0p172_DVI_median,3.996374536147013
Flower_rat,Ridge,0510_r0p172_ND_B1_B3_mean,3.132140416310109
Flower_rat,Ridge,ratio_r0p172_EVI_median,2.6203492514785176
Flower_rat,Ridge,rel_r0p172_EVI_median,2.620349251478511
Flower_rat,Ridge,rel_r0p172_RENDVI2_median,1.7130119672956083
Flower_rat,Ridge,ratio_r0p172_RENDVI2_median,1.713011967295522
Flower_rat,Ridge,diff_r0p172_ND_B3_B6_median,1.4450095951514181
Flower_rat,Ridge,diff_r0p172_NDVI_median,1.4450095951514148
Flower_rat,Ridge,diff_r0p172_SAVI_median,1.4441846779799197
Flower_rat,Ridge,0510_r0p172_ND_B2_B3_median,1.1258478749773784
Flower_rat,Ridge,diff_r0p172_RENDVI2_median,1.0277667929204737
Flower_rat,Ridge,diff_r0p172_ND_B3_B5_median,1.0277667929204655
Flower_rat,Ridge,ratio_r0p172_SAVI_median,0.9656129686431673
Flower_rat,Ridge,rel_r0p172_RENDVI1_median,0.8693291574285841
Flower_rat,Ridge,ratio_r0p172_RENDVI1_median,0.8693291574285301
Flower_rat,Ridge,0510_r0p172_EVI_median,0.6860268586277055
Flower_rat,Ridge,rel_r0p172_DVI_mean,0.36887919756934673
Flower_rat,Ridge,ratio_r0p172_DVI_mean,0.36887919756931437
Flower_rat,Ridge,ratio_r0p172_DVI_median,0.10828377147984798
Flower_rat,Ridge,rel_r0p172_DVI_median,0.10828377147980926
Flower_rat,Lasso,ratio_r0p172_SAVI_median,171.45938585836268
Flower_rat,Lasso,0510_r0p172_EVI_median,160.09992783272097
Flower_rat,Lasso,diff_r0p172_SAVI_median,134.38608894683517
Flower_rat,Lasso,ratio_r0p172_RENDVI2_median,86.48229096151826
Flower_rat,Lasso,0510_r0p172_ND_B1_B3_median,85.64683213025349
Flower_rat,Lasso,diff_r0p172_ND_B3_B4_median,80.41332791564831
Flower_rat,Lasso,ratio_r0p172_RENDVI1_median,66.89474097007019
Flower_rat,Lasso,diff_r0p172_ND_B3_B5_median,64.27668747188713
Flower_rat,Lasso,ratio_r0p172_EVI_median,60.52829392964105
Flower_rat,Lasso,0510_r0p172_ND_B1_B3_mean,38.06850788498319
Flower_rat,Lasso,0510_r0p172_ND_B2_B3_mean,37.258587166226015
Flower_rat,Lasso,rel_r0p172_DVI_median,20.70487845084849
Flower_rat,Lasso,0510_r0p172_ND_B2_B3_median,20.694991458370758
Flower_rat,Lasso,ratio_r0p172_DVI_mean,17.61934449333932
Flower_rat,Lasso,diff_r0p172_DVI_mean,4.959534817649198
Flower_rat,Lasso,diff_r0p172_ND_B3_B6_median,0.3231075751304055
Flower_rat,Lasso,diff_r0p172_DVI_median,0.15421599831779428
Flower_rat,Lasso,rel_r0p172_EVI_median,1.5959026356319222e-10
Flower_rat,Lasso,diff_r0p172_RENDVI1_median,1.3533785876496793e-10
Flower_rat,Lasso,ratio_r0p172_DVI_median,4.6126294702989137e-11
Flower_rat,Lasso,rel_r0p172_RENDVI1_median,2.310946047318242e-14
Flower_rat,Lasso,rel_r0p172_DVI_mean,0.0
Flower_rat,Lasso,diff_r0p172_RENDVI2_median,0.0
Flower_rat,Lasso,rel_r0p172_RENDVI2_median,0.0
Flower_rat,Lasso,diff_r0p172_NDVI_median,0.0
Flower_rat,ElasticNet,0510_r0p172_ND_B1_B3_median,17.57003499004024
Flower_rat,ElasticNet,0510_r0p172_ND_B2_B3_mean,9.56395610186371
Flower_rat,ElasticNet,0510_r0p172_ND_B1_B3_mean,8.89534877603294
Flower_rat,ElasticNet,diff_r0p172_DVI_mean,7.572664133881891
Flower_rat,ElasticNet,0510_r0p172_EVI_median,5.8066343777662
Flower_rat,ElasticNet,diff_r0p172_RENDVI1_median,5.78181948897541
Flower_rat,ElasticNet,diff_r0p172_ND_B3_B4_median,5.774928318771969
Flower_rat,ElasticNet,ratio_r0p172_EVI_median,4.836211658869681
Flower_rat,ElasticNet,rel_r0p172_EVI_median,4.832787535623224
Flower_rat,ElasticNet,diff_r0p172_DVI_median,3.8890909662580055
Flower_rat,ElasticNet,ratio_r0p172_RENDVI2_median,3.003093894254231
Flower_rat,ElasticNet,rel_r0p172_RENDVI2_median,2.9967822019390407
Flower_rat,ElasticNet,0510_r0p172_ND_B2_B3_median,2.303748636163348
Flower_rat,ElasticNet,diff_r0p172_ND_B3_B6_median,2.1022075809560614
Flower_rat,ElasticNet,diff_r0p172_NDVI_median,2.1017846260105246
Flower_rat,ElasticNet,diff_r0p172_SAVI_median,2.098123075414077
Flower_rat,ElasticNet,ratio_r0p172_DVI_mean,1.7607183944731912
Flower_rat,ElasticNet,rel_r0p172_DVI_mean,1.7581474973963742
Flower_rat,ElasticNet,ratio_r0p172_DVI_median,0.4794479064379133
Flower_rat,ElasticNet,rel_r0p172_DVI_median,0.47934652055569843
Flower_rat,ElasticNet,diff_r0p172_RENDVI2_median,0.38072772718796627
Flower_rat,ElasticNet,diff_r0p172_ND_B3_B5_median,0.37543970147528594
Flower_rat,ElasticNet,rel_r0p172_RENDVI1_median,0.2212937743689953
Flower_rat,ElasticNet,ratio_r0p172_RENDVI1_median,0.21234445227539922
Flower_rat,ElasticNet,ratio_r0p172_SAVI_median,0.0
Flower_rat,PLSRegression,0510_r0p172_ND_B1_B3_median,15.898673901147454
Flower_rat,PLSRegression,diff_r0p172_DVI_mean,8.038639173827091
Flower_rat,PLSRegression,diff_r0p172_DVI_median,5.357896875533158
Flower_rat,PLSRegression,diff_r0p172_ND_B3_B4_median,3.6700859772325267
Flower_rat,PLSRegression,diff_r0p172_RENDVI1_median,3.6700859772325267
Flower_rat,PLSRegression,0510_r0p172_ND_B2_B3_median,3.131256173561344
Flower_rat,PLSRegression,0510_r0p172_ND_B1_B3_mean,3.0694881911848535
Flower_rat,PLSRegression,ratio_r0p172_SAVI_median,2.5227759367152607
Flower_rat,PLSRegression,diff_r0p172_ND_B3_B6_median,2.4686607984813347
Flower_rat,PLSRegression,diff_r0p172_NDVI_median,2.4686607984813347
Flower_rat,PLSRegression,diff_r0p172_SAVI_median,2.4679738068329247
Flower_rat,PLSRegression,rel_r0p172_EVI_median,2.432371033135774
Flower_rat,PLSRegression,ratio_r0p172_EVI_median,2.4323710331357646
Flower_rat,PLSRegression,ratio_r0p172_DVI_median,1.9054854867898414
Flower_rat,PLSRegression,rel_r0p172_DVI_median,1.905485486789829
Flower_rat,PLSRegression,0510_r0p172_ND_B2_B3_mean,1.7248965837215569
Flower_rat,PLSRegression,ratio_r0p172_RENDVI2_median,1.3665943773205234
Flower_rat,PLSRegression,rel_r0p172_RENDVI2_median,1.366594377320508
Flower_rat,PLSRegression,diff_r0p172_ND_B3_B5_median,1.2313694532355122
Flower_rat,PLSRegression,diff_r0p172_RENDVI2_median,1.2313694532355122
Flower_rat,PLSRegression,ratio_r0p172_RENDVI1_median,1.1898054807017306
Flower_rat,PLSRegression,rel_r0p172_RENDVI1_median,1.1898054807017115
Flower_rat,PLSRegression,0510_r0p172_EVI_median,1.0370748221795654
Flower_rat,PLSRegression,ratio_r0p172_DVI_mean,0.3576880076849874
Flower_rat,PLSRegression,rel_r0p172_DVI_mean,0.3576880076849866
Flower_rat,RandomForest,diff_r0p172_DVI_mean,0.09419608299672486
Flower_rat,RandomForest,diff_r0p172_DVI_median,0.07598242796743819
Flower_rat,RandomForest,0510_r0p172_ND_B2_B3_median,0.07392909400219543
Flower_rat,RandomForest,ratio_r0p172_DVI_median,0.059887065483219704
Flower_rat,RandomForest,ratio_r0p172_DVI_mean,0.05811973920177098
Flower_rat,RandomForest,diff_r0p172_RENDVI1_median,0.05805788925665731
Flower_rat,RandomForest,rel_r0p172_DVI_mean,0.05776455092691444
Flower_rat,RandomForest,ratio_r0p172_RENDVI1_median,0.052311740124250626
Flower_rat,RandomForest,rel_r0p172_DVI_median,0.05202980047602641
Flower_rat,RandomForest,0510_r0p172_ND_B1_B3_median,0.047485721387543124
Flower_rat,RandomForest,0510_r0p172_ND_B2_B3_mean,0.04694211560198213
Flower_rat,RandomForest,diff_r0p172_ND_B3_B4_median,0.04398059953317987
Flower_rat,RandomForest,rel_r0p172_RENDVI1_median,0.040542107942759954
Flower_rat,RandomForest,ratio_r0p172_SAVI_median,0.033476228923622224
Flower_rat,RandomForest,rel_r0p172_EVI_median,0.03209905654508344
Flower_rat,RandomForest,0510_r0p172_ND_B1_B3_mean,0.027728349788159783
Flower_rat,RandomForest,diff_r0p172_ND_B3_B6_median,0.025339576242128348
Flower_rat,RandomForest,0510_r0p172_EVI_median,0.024302117672160728
Flower_rat,RandomForest,diff_r0p172_SAVI_median,0.023054853783035838
Flower_rat,RandomForest,ratio_r0p172_EVI_median,0.015509013010076508
Flower_rat,RandomForest,diff_r0p172_NDVI_median,0.013006341302821179
Flower_rat,RandomForest,diff_r0p172_ND_B3_B5_median,0.012520299041377223
Flower_rat,RandomForest,ratio_r0p172_RENDVI2_median,0.012439340125386233
Flower_rat,RandomForest,diff_r0p172_RENDVI2_median,0.011822960416658741
Flower_rat,RandomForest,rel_r0p172_RENDVI2_median,0.007472928248826771
FHB_num,LinearRegression,diff_r0p172_CI_RE2_mean,83.2361278491314
FHB_num,LinearRegression,diff_r0p172_ND_B5_B6_mean,48.324539919766906
FHB_num,LinearRegression,diff_r0p172_NDRE2_mean,48.32453991976684
FHB_num,LinearRegression,rel_r0p172_NDRE2_mean,25.98945643235328
FHB_num,LinearRegression,ratio_r0p172_NDRE2_mean,25.989456432352608
FHB_num,LinearRegression,ratio_r0p172_CI_RE2_mean,19.03054982499919
FHB_num,LinearRegression,rel_r0p172_CI_RE2_mean,19.030549824994797
FHB_num,LinearRegression,diff_r0p172_B2_mean,6.7924001099272395
FHB_num,LinearRegression,0510_r0p172_B1_mean,4.164834123595363
FHB_num,LinearRegression,diff_r0p172_B1_median,3.371528473139867
FHB_num,LinearRegression,rel_r0p172_B2_median,2.685455762691545
FHB_num,LinearRegression,ratio_r0p172_B2_median,2.6854557626894717
FHB_num,LinearRegression,diff_r0p172_B5_p75,2.443162970610707
FHB_num,LinearRegression,diff_r0p172_B2_p75,1.7165718300079915
FHB_num,LinearRegression,rel_r0p172_B5_p75,1.4935976659113148
FHB_num,LinearRegression,ratio_r0p172_B5_p75,1.4935976659094217
FHB_num,LinearRegression,0418_r0p172_ND_B1_B2_median,1.2627017916153265
FHB_num,LinearRegression,diff_r0p172_CI_RE2_median,1.1250478347994957
FHB_num,LinearRegression,rel_r0p172_B2_p75,0.9268654903192673
FHB_num,LinearRegression,ratio_r0p172_B2_p75,0.9268654903181593
FHB_num,LinearRegression,rel_r0p172_B2_mean,0.5759041090827507
FHB_num,LinearRegression,ratio_r0p172_B2_mean,0.5759041090825167
FHB_num,LinearRegression,0418_r0p172_ND_B1_B4_mean,0.3531966338911834
FHB_num,LinearRegression,ratio_r0p172_B4_p75,0.21102697114286684
FHB_num,LinearRegression,rel_r0p172_B4_p75,0.2110269711422884
FHB_num,Ridge,0418_r0p172_ND_B1_B2_median,1.7022168597773821
FHB_num,Ridge,diff_r0p172_B2_mean,1.6289466986109937
FHB_num,Ridge,ratio_r0p172_B2_median,1.2008046791613902
FHB_num,Ridge,rel_r0p172_B2_median,1.2008046791613716
FHB_num,Ridge,diff_r0p172_B2_p75,0.8600610596689834
FHB_num,Ridge,diff_r0p172_B1_median,0.7464072594071447
FHB_num,Ridge,diff_r0p172_CI_RE2_median,0.6938959202641789
FHB_num,Ridge,0510_r0p172_B1_mean,0.6192753714895904
FHB_num,Ridge,diff_r0p172_B5_p75,0.5802808903051963
FHB_num,Ridge,diff_r0p172_ND_B5_B6_mean,0.5528182331363637
FHB_num,Ridge,diff_r0p172_NDRE2_mean,0.5528182331363636
FHB_num,Ridge,ratio_r0p172_B5_p75,0.548408048949122
FHB_num,Ridge,rel_r0p172_B5_p75,0.5484080489490754
FHB_num,Ridge,ratio_r0p172_B4_p75,0.33630492833773185
FHB_num,Ridge,rel_r0p172_B4_p75,0.33630492833768405
FHB_num,Ridge,0418_r0p172_ND_B1_B4_mean,0.2606999544550236
FHB_num,Ridge,ratio_r0p172_B2_p75,0.24845244184630697
FHB_num,Ridge,rel_r0p172_B2_p75,0.24845244184627893
FHB_num,Ridge,ratio_r0p172_CI_RE2_mean,0.2440908509987382
FHB_num,Ridge,rel_r0p172_CI_RE2_mean,0.24409085099864436
FHB_num,Ridge,diff_r0p172_CI_RE2_mean,0.14329831401306176
FHB_num,Ridge,rel_r0p172_B2_mean,0.1412453141567784
FHB_num,Ridge,ratio_r0p172_B2_mean,0.14124531415676467
FHB_num,Ridge,ratio_r0p172_NDRE2_mean,0.03866763353550819
FHB_num,Ridge,rel_r0p172_NDRE2_mean,0.03866763353550563
FHB_num,Lasso,diff_r0p172_B2_mean,1.8368843331541729
FHB_num,Lasso,ratio_r0p172_B2_median,1.8016267657450282
FHB_num,Lasso,0418_r0p172_ND_B1_B2_median,1.689023779866615
FHB_num,Lasso,diff_r0p172_ND_B5_B6_mean,0.8094434284334461
FHB_num,Lasso,ratio_r0p172_B4_p75,0.7938014158342717
FHB_num,Lasso,diff_r0p172_B2_p75,0.7390411024529342
FHB_num,Lasso,diff_r0p172_CI_RE2_median,0.5820665773666855
FHB_num,Lasso,rel_r0p172_B5_p75,0.46221367208849107
FHB_num,Lasso,0418_r0p172_ND_B1_B4_mean,0.2540861474259131
FHB_num,Lasso,ratio_r0p172_B2_p75,0.19254862606272646
FHB_num,Lasso,rel_r0p172_CI_RE2_mean,0.11177761092153772
FHB_num,Lasso,0510_r0p172_B1_mean,0.06807834511811223
FHB_num,Lasso,ratio_r0p172_CI_RE2_mean,1.8559756905947977e-13
FHB_num,Lasso,ratio_r0p172_B5_p75,1.0086816743411861e-13
FHB_num,Lasso,diff_r0p172_NDRE2_mean,1.588500054598597e-14
FHB_num,Lasso,rel_r0p172_B2_median,1.9384846461709085e-16
FHB_num,Lasso,rel_r0p172_B4_p75,8.106390338532891e-17
FHB_num,Lasso,rel_r0p172_B2_p75,0.0
FHB_num,Lasso,rel_r0p172_B2_mean,0.0
FHB_num,Lasso,ratio_r0p172_B2_mean,0.0
FHB_num,Lasso,diff_r0p172_CI_RE2_mean,0.0
FHB_num,Lasso,ratio_r0p172_NDRE2_mean,0.0
FHB_num,Lasso,rel_r0p172_NDRE2_mean,0.0
FHB_num,Lasso,diff_r0p172_B5_p75,0.0
FHB_num,Lasso,diff_r0p172_B1_median,0.0
FHB_num,ElasticNet,0418_r0p172_ND_B1_B2_median,1.6861739575571904
FHB_num,ElasticNet,diff_r0p172_B2_mean,1.6488099079294902
FHB_num,ElasticNet,ratio_r0p172_B2_median,1.0063452893513545
FHB_num,ElasticNet,rel_r0p172_B2_median,0.9980200617525569
FHB_num,ElasticNet,diff_r0p172_B2_p75,0.846249827932066
FHB_num,ElasticNet,diff_r0p172_CI_RE2_median,0.6385636676995509
FHB_num,ElasticNet,diff_r0p172_NDRE2_mean,0.4783725289540579
FHB_num,ElasticNet,diff_r0p172_ND_B5_B6_mean,0.47817102673192846
FHB_num,ElasticNet,diff_r0p172_B1_median,0.42902652159361837
FHB_num,ElasticNet,ratio_r0p172_B4_p75,0.3673237235544341
FHB_num,ElasticNet,rel_r0p172_B4_p75,0.3660927163479181
FHB_num,ElasticNet,0510_r0p172_B1_mean,0.3404450817541947
FHB_num,ElasticNet,0418_r0p172_ND_B1_B4_mean,0.2505276632671915
FHB_num,ElasticNet,rel_r0p172_B5_p75,0.24266515965646818
FHB_num,ElasticNet,ratio_r0p172_B5_p75,0.2426022366814369
FHB_num,ElasticNet,ratio_r0p172_B2_p75,0.18491454143948644
FHB_num,ElasticNet,rel_r0p172_B2_p75,0.17452149436861902
FHB_num,ElasticNet,ratio_r0p172_CI_RE2_mean,0.13541538414142315
FHB_num,ElasticNet,rel_r0p172_CI_RE2_mean,0.13509654769865845
FHB_num,ElasticNet,diff_r0p172_CI_RE2_mean,0.09166098614176947
FHB_num,ElasticNet,rel_r0p172_B2_mean,0.0
FHB_num,ElasticNet,ratio_r0p172_B2_mean,0.0
FHB_num,ElasticNet,ratio_r0p172_NDRE2_mean,0.0
FHB_num,ElasticNet,rel_r0p172_NDRE2_mean,0.0
FHB_num,ElasticNet,diff_r0p172_B5_p75,0.0
FHB_num,PLSRegression,0418_r0p172_ND_B1_B2_median,1.4870812237468731
FHB_num,PLSRegression,diff_r0p172_CI_RE2_median,1.0322927687244192
FHB_num,PLSRegression,diff_r0p172_B2_p75,0.7484596622438326
FHB_num,PLSRegression,rel_r0p172_B4_p75,0.7179422002569247
FHB_num,PLSRegression,ratio_r0p172_B4_p75,0.7179422002569243
FHB_num,PLSRegression,rel_r0p172_B2_median,0.6545927492099723
FHB_num,PLSRegression,ratio_r0p172_B2_median,0.6545927492099715
FHB_num,PLSRegression,diff_r0p172_B2_mean,0.5778693994004598
FHB_num,PLSRegression,diff_r0p172_ND_B5_B6_mean,0.42605275883036836
FHB_num,PLSRegression,diff_r0p172_NDRE2_mean,0.42605275883036836
FHB_num,PLSRegression,diff_r0p172_CI_RE2_mean,0.40699902313373004
FHB_num,PLSRegression,ratio_r0p172_B5_p75,0.3299617037677448
FHB_num,PLSRegression,rel_r0p172_B5_p75,0.32996170376774236
FHB_num,PLSRegression,0510_r0p172_B1_mean,0.2759399498372436
FHB_num,PLSRegression,ratio_r0p172_B2_p75,0.2563806565100246
FHB_num,PLSRegression,rel_r0p172_B2_p75,0.25638065651002095
FHB_num,PLSRegression,ratio_r0p172_B2_mean,0.22400021104450946
FHB_num,PLSRegression,rel_r0p172_B2_mean,0.2240002110445092
FHB_num,PLSRegression,0418_r0p172_ND_B1_B4_mean,0.07579477807936201
FHB_num,PLSRegression,diff_r0p172_B5_p75,0.048502258468321596
FHB_num,PLSRegression,ratio_r0p172_CI_RE2_mean,0.03460526361027431
FHB_num,PLSRegression,rel_r0p172_CI_RE2_mean,0.03460526361026968
FHB_num,PLSRegression,diff_r0p172_B1_median,0.003060365006757551
FHB_num,PLSRegression,ratio_r0p172_NDRE2_mean,0.0010395526825700211
FHB_num,PLSRegression,rel_r0p172_NDRE2_mean,0.0010395526825684774
FHB_num,RandomForest,0418_r0p172_ND_B1_B2_median,0.09445718872962114
FHB_num,RandomForest,rel_r0p172_B2_p75,0.062164182579680316
FHB_num,RandomForest,ratio_r0p172_B2_median,0.056181808236315946
FHB_num,RandomForest,ratio_r0p172_B5_p75,0.05232841882955759
FHB_num,RandomForest,rel_r0p172_B2_mean,0.05140219502692239
FHB_num,RandomForest,ratio_r0p172_B4_p75,0.04916320376806556
FHB_num,RandomForest,rel_r0p172_B4_p75,0.04787295097140766
FHB_num,RandomForest,0418_r0p172_ND_B1_B4_mean,0.04704240849896538
FHB_num,RandomForest,rel_r0p172_B2_median,0.046229501352810315
FHB_num,RandomForest,diff_r0p172_B2_p75,0.04470025970755926
FHB_num,RandomForest,ratio_r0p172_B2_mean,0.04041173028143033
FHB_num,RandomForest,rel_r0p172_B5_p75,0.03790670741338195
FHB_num,RandomForest,diff_r0p172_ND_B5_B6_mean,0.03702293752290464
FHB_num,RandomForest,0510_r0p172_B1_mean,0.03622395722220811
FHB_num,RandomForest,ratio_r0p172_B2_p75,0.03601254122129108
FHB_num,RandomForest,diff_r0p172_B5_p75,0.03181085298697941
FHB_num,RandomForest,ratio_r0p172_NDRE2_mean,0.030603899924227365
FHB_num,RandomForest,diff_r0p172_B2_mean,0.029832596732341593
FHB_num,RandomForest,diff_r0p172_CI_RE2_median,0.029038480138782914
FHB_num,RandomForest,rel_r0p172_CI_RE2_mean,0.025474123072647
FHB_num,RandomForest,rel_r0p172_NDRE2_mean,0.024803189927117327
FHB_num,RandomForest,diff_r0p172_CI_RE2_mean,0.02453311761897466
FHB_num,RandomForest,diff_r0p172_B1_median,0.023938900378369786
FHB_num,RandomForest,ratio_r0p172_CI_RE2_mean,0.02154403514656771
FHB_num,RandomForest,diff_r0p172_NDRE2_mean,0.019300812711870684
FHB_rate,LinearRegression,0510_r0p172_B1_mean,51.93030129085845
FHB_rate,LinearRegression,diff_r0p172_B1_mean,39.40149055373958
FHB_rate,LinearRegression,diff_r0p172_B1_median,37.6777695132018
FHB_rate,LinearRegression,0510_r0p172_B1_median,32.428638554377834
FHB_rate,LinearRegression,diff_r0p172_B2_mean,28.58333197442462
FHB_rate,LinearRegression,diff_r0p172_B5_p75,24.484462466444135
FHB_rate,LinearRegression,diff_r0p172_B2_p75,24.14290414859744
FHB_rate,LinearRegression,rel_r0p172_B2_mean,20.10946827468437
FHB_rate,LinearRegression,ratio_r0p172_B2_mean,20.109468274684183
FHB_rate,LinearRegression,diff_r0p172_B1_p75,16.794355027807555
FHB_rate,LinearRegression,ratio_r0p172_B5_p75,13.040469040451256
FHB_rate,LinearRegression,rel_r0p172_B5_p75,13.040469040450123
FHB_rate,LinearRegression,rel_r0p172_B2_p75,7.278380897024564
FHB_rate,LinearRegression,ratio_r0p172_B2_p75,7.278380897024283
FHB_rate,LinearRegression,0510_r0p172_B2_p75,7.215061983966187
FHB_rate,LinearRegression,ratio_r0p172_B4_mean,6.694389944098577
FHB_rate,LinearRegression,rel_r0p172_B4_mean,6.694389944098094
FHB_rate,LinearRegression,ratio_r0p172_B4_p75,5.916354777938897
FHB_rate,LinearRegression,rel_r0p172_B4_p75,5.916354777938542
FHB_rate,LinearRegression,rel_r0p172_B2_median,5.872896656005283
FHB_rate,LinearRegression,ratio_r0p172_B2_median,5.872896656005232
FHB_rate,LinearRegression,rel_r0p172_B1_p75,1.1190741638803576
FHB_rate,LinearRegression,ratio_r0p172_B1_p75,1.119074163880187
FHB_rate,LinearRegression,diff_r0p172_NDRE2_mean,0.45239063951947744
FHB_rate,LinearRegression,diff_r0p172_ND_B5_B6_mean,0.45239063951944547
FHB_rate,Ridge,rel_r0p172_B1_p75,2.3769802784284497
FHB_rate,Ridge,ratio_r0p172_B1_p75,2.376980278428351
FHB_rate,Ridge,0510_r0p172_B1_mean,2.2895625641931177
FHB_rate,Ridge,ratio_r0p172_B2_p75,2.1781875529784984
FHB_rate,Ridge,rel_r0p172_B2_p75,2.1781875529782804
FHB_rate,Ridge,0510_r0p172_B1_median,2.0522919661366417
FHB_rate,Ridge,diff_r0p172_B1_median,1.8963745397990435
FHB_rate,Ridge,rel_r0p172_B2_median,1.8616559299711901
FHB_rate,Ridge,ratio_r0p172_B2_median,1.8616559299710451
FHB_rate,Ridge,ratio_r0p172_B2_mean,1.8315004660609215
FHB_rate,Ridge,rel_r0p172_B2_mean,1.8315004660608485
FHB_rate,Ridge,rel_r0p172_B4_p75,1.7934434183825332
FHB_rate,Ridge,ratio_r0p172_B4_p75,1.7934434183825088
FHB_rate,Ridge,0510_r0p172_B2_p75,1.751776024724987
FHB_rate,Ridge,rel_r0p172_B4_mean,1.6478232734408071
FHB_rate,Ridge,ratio_r0p172_B4_mean,1.647823273440667
FHB_rate,Ridge,diff_r0p172_B1_p75,1.3680146271545577
FHB_rate,Ridge,rel_r0p172_B5_p75,1.2361334721514086
FHB_rate,Ridge,ratio_r0p172_B5_p75,1.2361334721513955
FHB_rate,Ridge,diff_r0p172_B5_p75,1.0291941225797177
FHB_rate,Ridge,diff_r0p172_B1_mean,0.8074472829120161
FHB_rate,Ridge,diff_r0p172_B2_mean,0.7476106296864887
FHB_rate,Ridge,diff_r0p172_B2_p75,0.6496130696480653
FHB_rate,Ridge,diff_r0p172_NDRE2_mean,0.5444923594722682
FHB_rate,Ridge,diff_r0p172_ND_B5_B6_mean,0.5444923594722407
FHB_rate,Lasso,rel_r0p172_B1_p75,7.227987830935868
FHB_rate,Lasso,ratio_r0p172_B2_mean,7.151660514066606
FHB_rate,Lasso,ratio_r0p172_B2_median,5.418478869670254
FHB_rate,Lasso,ratio_r0p172_B4_mean,5.108939261727927
FHB_rate,Lasso,rel_r0p172_B4_p75,4.881901861716176
FHB_rate,Lasso,rel_r0p172_B2_p75,4.65389479030311
FHB_rate,Lasso,diff_r0p172_B1_median,4.5910966036652905
FHB_rate,Lasso,0510_r0p172_B1_mean,3.9476800846808104
FHB_rate,Lasso,ratio_r0p172_B5_p75,3.063821492519536
FHB_rate,Lasso,0510_r0p172_B2_p75,2.2623641808670687
FHB_rate,Lasso,diff_r0p172_B5_p75,1.7005824598211279
FHB_rate,Lasso,diff_r0p172_B2_mean,1.6085851451662687
FHB_rate,Lasso,diff_r0p172_ND_B5_B6_mean,0.9738219889743404
FHB_rate,Lasso,ratio_r0p172_B2_p75,1.2022820015541556e-12
FHB_rate,Lasso,ratio_r0p172_B4_p75,7.059908213591368e-13
FHB_rate,Lasso,ratio_r0p172_B1_p75,3.360501840956525e-13
FHB_rate,Lasso,rel_r0p172_B2_mean,3.137633522174516e-14
FHB_rate,Lasso,rel_r0p172_B4_mean,7.023055971903006e-15
FHB_rate,Lasso,diff_r0p172_NDRE2_mean,1.4074762860570535e-15
FHB_rate,Lasso,diff_r0p172_B2_p75,0.0
FHB_rate,Lasso,rel_r0p172_B2_median,0.0
FHB_rate,Lasso,0510_r0p172_B1_median,0.0
FHB_rate,Lasso,diff_r0p172_B1_mean,0.0
FHB_rate,Lasso,diff_r0p172_B1_p75,0.0
FHB_rate,Lasso,rel_r0p172_B5_p75,0.0
FHB_rate,ElasticNet,rel_r0p172_B1_p75,2.490497969237634
FHB_rate,ElasticNet,ratio_r0p172_B1_p75,2.489747055945322
FHB_rate,ElasticNet,0510_r0p172_B1_mean,2.4611317094025726
FHB_rate,ElasticNet,ratio_r0p172_B2_p75,2.3586968967717494
FHB_rate,ElasticNet,rel_r0p172_B2_p75,2.354163916851878
FHB_rate,ElasticNet,diff_r0p172_B1_median,2.050921843282902
FHB_rate,ElasticNet,0510_r0p172_B1_median,2.032853303057348
FHB_rate,ElasticNet,ratio_r0p172_B2_median,1.9387164475243337
FHB_rate,ElasticNet,rel_r0p172_B2_median,1.9382922720220641
FHB_rate,ElasticNet,ratio_r0p172_B2_mean,1.8647685883701748
FHB_rate,ElasticNet,rel_r0p172_B2_mean,1.8584760581078572
FHB_rate,ElasticNet,rel_r0p172_B4_p75,1.7944426212943292
FHB_rate,ElasticNet,ratio_r0p172_B4_p75,1.7915336360575351
FHB_rate,ElasticNet,0510_r0p172_B2_p75,1.7471758219393987
FHB_rate,ElasticNet,ratio_r0p172_B4_mean,1.6618136933206136
FHB_rate,ElasticNet,rel_r0p172_B4_mean,1.6585026345294875
FHB_rate,ElasticNet,ratio_r0p172_B5_p75,1.069963534471598
FHB_rate,ElasticNet,rel_r0p172_B5_p75,1.0691984885495682
FHB_rate,ElasticNet,diff_r0p172_B1_p75,1.0164757422888506
FHB_rate,ElasticNet,diff_r0p172_B5_p75,0.7043695097592496
FHB_rate,ElasticNet,diff_r0p172_NDRE2_mean,0.5306158063069859
FHB_rate,ElasticNet,diff_r0p172_ND_B5_B6_mean,0.5304154508300514
FHB_rate,ElasticNet,diff_r0p172_B2_mean,0.35586585591499637
FHB_rate,ElasticNet,diff_r0p172_B1_mean,0.35124618352574516
FHB_rate,ElasticNet,diff_r0p172_B2_p75,0.052034856882679094
FHB_rate,PLSRegression,0510_r0p172_B1_median,3.3588835846135563
FHB_rate,PLSRegression,ratio_r0p172_B2_p75,2.699061735906353
FHB_rate,PLSRegression,rel_r0p172_B2_p75,2.6990617359063203
FHB_rate,PLSRegression,0510_r0p172_B1_mean,2.585752632773722
FHB_rate,PLSRegression,ratio_r0p172_B1_p75,2.548229902048079
FHB_rate,PLSRegression,rel_r0p172_B1_p75,2.5482299020480697
FHB_rate,PLSRegression,diff_r0p172_B1_median,2.3485059038885447
FHB_rate,PLSRegression,rel_r0p172_B4_mean,2.3136355948697225
FHB_rate,PLSRegression,ratio_r0p172_B4_mean,2.3136355948697154
FHB_rate,PLSRegression,0510_r0p172_B2_p75,1.9932779669007126
FHB_rate,PLSRegression,rel_r0p172_B2_median,1.7756172086227227
FHB_rate,PLSRegression,ratio_r0p172_B2_median,1.7756172086227184
FHB_rate,PLSRegression,diff_r0p172_B1_p75,1.65568356471606
FHB_rate,PLSRegression,ratio_r0p172_B4_p75,1.557392113079441
FHB_rate,PLSRegression,rel_r0p172_B4_p75,1.5573921130794346
FHB_rate,PLSRegression,ratio_r0p172_B2_mean,0.9185068695386885
FHB_rate,PLSRegression,rel_r0p172_B2_mean,0.9185068695386869
FHB_rate,PLSRegression,diff_r0p172_B1_mean,0.8799216093183235
FHB_rate,PLSRegression,diff_r0p172_ND_B5_B6_mean,0.719837626038458
FHB_rate,PLSRegression,diff_r0p172_NDRE2_mean,0.719837626038458
FHB_rate,PLSRegression,ratio_r0p172_B5_p75,0.5695543815811209
FHB_rate,PLSRegression,rel_r0p172_B5_p75,0.5695543815810923
FHB_rate,PLSRegression,diff_r0p172_B2_p75,0.5543351430939164
FHB_rate,PLSRegression,diff_r0p172_B5_p75,0.3752501995607863
FHB_rate,PLSRegression,diff_r0p172_B2_mean,0.2112596607072893
FHB_rate,RandomForest,diff_r0p172_B2_p75,0.08841740195383724
FHB_rate,RandomForest,ratio_r0p172_B2_p75,0.06278855729506795
FHB_rate,RandomForest,0510_r0p172_B2_p75,0.0602454151961701
FHB_rate,RandomForest,0510_r0p172_B1_mean,0.058043697601508126
FHB_rate,RandomForest,rel_r0p172_B2_p75,0.05178133018096681
FHB_rate,RandomForest,diff_r0p172_ND_B5_B6_mean,0.04919423058903844
FHB_rate,RandomForest,ratio_r0p172_B4_p75,0.04689741482556128
FHB_rate,RandomForest,rel_r0p172_B2_median,0.04504005493235875
FHB_rate,RandomForest,diff_r0p172_NDRE2_mean,0.04350637061064243
FHB_rate,RandomForest,ratio_r0p172_B2_median,0.04255535319603487
FHB_rate,RandomForest,rel_r0p172_B4_p75,0.0387121071105346
FHB_rate,RandomForest,diff_r0p172_B5_p75,0.038695512785077046
FHB_rate,RandomForest,ratio_r0p172_B2_mean,0.03840702303475879
FHB_rate,RandomForest,0510_r0p172_B1_median,0.03755863156613241
FHB_rate,RandomForest,diff_r0p172_B1_median,0.037190089470360926
FHB_rate,RandomForest,diff_r0p172_B2_mean,0.03429212236969444
FHB_rate,RandomForest,ratio_r0p172_B5_p75,0.030204648846710792
FHB_rate,RandomForest,diff_r0p172_B1_mean,0.029071700219691327
FHB_rate,RandomForest,rel_r0p172_B4_mean,0.029066075552574757
FHB_rate,RandomForest,rel_r0p172_B5_p75,0.028755514124371488
FHB_rate,RandomForest,rel_r0p172_B2_mean,0.028506451312280013
FHB_rate,RandomForest,diff_r0p172_B1_p75,0.025777224018357085
FHB_rate,RandomForest,rel_r0p172_B1_p75,0.02196759984617389
FHB_rate,RandomForest,ratio_r0p172_B4_mean,0.020075940697966827
FHB_rate,RandomForest,ratio_r0p172_B1_p75,0.013249532664129714
FHB_index,LinearRegression,diff_r0p172_B1_p75,0.22040549745058222
FHB_index,LinearRegression,diff_r0p172_B2_mean,0.1730670407240963
FHB_index,LinearRegression,diff_r0p172_B5_p75,0.16489716460429382
FHB_index,LinearRegression,diff_r0p172_B2_p75,0.1541546927246452
FHB_index,LinearRegression,0510_r0p172_B1_mean,0.11011083245630254
FHB_index,LinearRegression,ratio_r0p172_B5_p75,0.0942446879049836
FHB_index,LinearRegression,rel_r0p172_B5_p75,0.09424468790498225
FHB_index,LinearRegression,rel_r0p172_B2_mean,0.04590697432532785
FHB_index,LinearRegression,ratio_r0p172_B2_mean,0.045906974325327345
FHB_index,LinearRegression,ratio_r0p172_B1_p75,0.04451042950412016
FHB_index,LinearRegression,rel_r0p172_B1_p75,0.04451042950411982
FHB_index,LinearRegression,diff_r0p172_CI_RE2_mean,0.03563819745669529
FHB_index,LinearRegression,0510_r0p172_B1_median,0.02771320368824802
FHB_index,LinearRegression,ratio_r0p172_B2_median,0.023819211877934583
FHB_index,LinearRegression,rel_r0p172_B2_median,0.023819211877934076
FHB_index,LinearRegression,rel_r0p172_B2_p75,0.023751005021262348
FHB_index,LinearRegression,ratio_r0p172_B2_p75,0.023751005021261387
FHB_index,LinearRegression,diff_r0p172_B1_mean,0.01799776591446774
FHB_index,LinearRegression,0418_r0p172_ND_B1_B4_mean,0.013302637268764522
FHB_index,LinearRegression,diff_r0p172_CI_RE2_median,0.011214260250066879
FHB_index,LinearRegression,ratio_r0p172_B4_p75,0.011174574512414692
FHB_index,LinearRegression,rel_r0p172_B4_p75,0.011174574512414093
FHB_index,LinearRegression,0510_r0p172_B1_max,0.010429909918574643
FHB_index,LinearRegression,diff_r0p172_ND_B5_B6_mean,0.003996471552043633
FHB_index,LinearRegression,diff_r0p172_NDRE2_mean,0.00399647155204266
FHB_index,Ridge,0510_r0p172_B1_median,0.023932075645996385
FHB_index,Ridge,diff_r0p172_B1_p75,0.0193590467836835
FHB_index,Ridge,rel_r0p172_B1_p75,0.01859385734346691
FHB_index,Ridge,ratio_r0p172_B1_p75,0.018593857343465588
FHB_index,Ridge,0510_r0p172_B1_max,0.015965050156203513
FHB_index,Ridge,0510_r0p172_B1_mean,0.01543461335718117
FHB_index,Ridge,rel_r0p172_B5_p75,0.014306350236207374
FHB_index,Ridge,ratio_r0p172_B5_p75,0.014306350236207218
FHB_index,Ridge,ratio_r0p172_B4_p75,0.013127202270452422
FHB_index,Ridge,rel_r0p172_B4_p75,0.013127202270452243
FHB_index,Ridge,rel_r0p172_B2_median,0.01263541420012179
FHB_index,Ridge,ratio_r0p172_B2_median,0.012635414200121245
FHB_index,Ridge,diff_r0p172_B1_mean,0.012450238761981336
FHB_index,Ridge,diff_r0p172_CI_RE2_mean,0.011775655853231527
FHB_index,Ridge,diff_r0p172_CI_RE2_median,0.010607236330677144
FHB_index,Ridge,0418_r0p172_ND_B1_B4_mean,0.010165509916377059
FHB_index,Ridge,ratio_r0p172_B2_p75,0.008876809563786404
FHB_index,Ridge,rel_r0p172_B2_p75,0.008876809563785028
FHB_index,Ridge,diff_r0p172_B5_p75,0.008722311642550294
FHB_index,Ridge,diff_r0p172_B2_p75,0.008498339982094786
FHB_index,Ridge,diff_r0p172_ND_B5_B6_mean,0.006771151080228065
FHB_index,Ridge,diff_r0p172_NDRE2_mean,0.006771151080227995
FHB_index,Ridge,diff_r0p172_B2_mean,0.005537982229339331
FHB_index,Ridge,ratio_r0p172_B2_mean,8.407496556776902e-05
FHB_index,Ridge,rel_r0p172_B2_mean,8.407496556752937e-05
FHB_index,Lasso,0510_r0p172_B1_median,0.012707704312100537
FHB_index,Lasso,0418_r0p172_ND_B1_B4_mean,0.002459998683816924
FHB_index,Lasso,diff_r0p172_ND_B5_B6_mean,0.001667888818715122
FHB_index,Lasso,rel_r0p172_B2_p75,0.0
FHB_index,Lasso,ratio_r0p172_B2_p75,0.0
FHB_index,Lasso,rel_r0p172_B2_mean,0.0
FHB_index,Lasso,ratio_r0p172_B2_mean,0.0
FHB_index,Lasso,rel_r0p172_B4_p75,0.0
FHB_index,Lasso,ratio_r0p172_B4_p75,0.0
FHB_index,Lasso,diff_r0p172_B2_p75,0.0
FHB_index,Lasso,diff_r0p172_NDRE2_mean,0.0
FHB_index,Lasso,diff_r0p172_CI_RE2_mean,0.0
FHB_index,Lasso,0510_r0p172_B1_mean,0.0
FHB_index,Lasso,diff_r0p172_B2_mean,0.0
FHB_index,Lasso,ratio_r0p172_B2_median,0.0
FHB_index,Lasso,rel_r0p172_B2_median,0.0
FHB_index,Lasso,diff_r0p172_B5_p75,0.0
FHB_index,Lasso,rel_r0p172_B5_p75,0.0
FHB_index,Lasso,ratio_r0p172_B5_p75,0.0
FHB_index,Lasso,diff_r0p172_B1_p75,0.0
FHB_index,Lasso,diff_r0p172_CI_RE2_median,0.0
FHB_index,Lasso,rel_r0p172_B1_p75,0.0
FHB_index,Lasso,ratio_r0p172_B1_p75,0.0
FHB_index,Lasso,diff_r0p172_B1_mean,0.0
FHB_index,Lasso,0510_r0p172_B1_max,0.0
FHB_index,ElasticNet,0510_r0p172_B1_median,0.018262105815650475
FHB_index,ElasticNet,0418_r0p172_ND_B1_B4_mean,0.009862140385124828
FHB_index,ElasticNet,diff_r0p172_ND_B5_B6_mean,0.0029654374793048784
FHB_index,ElasticNet,diff_r0p172_NDRE2_mean,0.002786600803812125
FHB_index,ElasticNet,rel_r0p172_B2_p75,0.0
FHB_index,ElasticNet,ratio_r0p172_B2_p75,0.0
FHB_index,ElasticNet,rel_r0p172_B2_mean,0.0
FHB_index,ElasticNet,ratio_r0p172_B2_mean,0.0
FHB_index,ElasticNet,rel_r0p172_B4_p75,0.0
FHB_index,ElasticNet,ratio_r0p172_B4_p75,0.0
FHB_index,ElasticNet,diff_r0p172_B2_p75,0.0
FHB_index,ElasticNet,diff_r0p172_CI_RE2_mean,0.0
FHB_index,ElasticNet,0510_r0p172_B1_mean,0.0
FHB_index,ElasticNet,diff_r0p172_B2_mean,0.0
FHB_index,ElasticNet,ratio_r0p172_B2_median,0.0
FHB_index,ElasticNet,rel_r0p172_B2_median,0.0
FHB_index,ElasticNet,diff_r0p172_B5_p75,0.0
FHB_index,ElasticNet,rel_r0p172_B5_p75,0.0
FHB_index,ElasticNet,ratio_r0p172_B5_p75,0.0
FHB_index,ElasticNet,diff_r0p172_B1_p75,0.0
FHB_index,ElasticNet,diff_r0p172_CI_RE2_median,0.0
FHB_index,ElasticNet,rel_r0p172_B1_p75,0.0
FHB_index,ElasticNet,ratio_r0p172_B1_p75,0.0
FHB_index,ElasticNet,diff_r0p172_B1_mean,0.0
FHB_index,ElasticNet,0510_r0p172_B1_max,0.0
FHB_index,PLSRegression,0510_r0p172_B1_median,0.019805694572281842
FHB_index,PLSRegression,ratio_r0p172_B1_p75,0.015738003005238668
FHB_index,PLSRegression,rel_r0p172_B1_p75,0.01573800300523865
FHB_index,PLSRegression,0510_r0p172_B1_mean,0.015548422421798566
FHB_index,PLSRegression,ratio_r0p172_B4_p75,0.015233975150199383
FHB_index,PLSRegression,rel_r0p172_B4_p75,0.015233975150199367
FHB_index,PLSRegression,diff_r0p172_B2_p75,0.013848332891870294
FHB_index,PLSRegression,0418_r0p172_ND_B1_B4_mean,0.013490937081303965
FHB_index,PLSRegression,diff_r0p172_CI_RE2_median,0.010608642522993435
FHB_index,PLSRegression,rel_r0p172_B2_median,0.010137698947999185
FHB_index,PLSRegression,ratio_r0p172_B2_median,0.01013769894799918
FHB_index,PLSRegression,ratio_r0p172_B5_p75,0.009069288120930538
FHB_index,PLSRegression,rel_r0p172_B5_p75,0.009069288120930498
FHB_index,PLSRegression,diff_r0p172_B2_mean,0.008583449906117454
FHB_index,PLSRegression,diff_r0p172_ND_B5_B6_mean,0.008023875486922464
FHB_index,PLSRegression,diff_r0p172_NDRE2_mean,0.008023875486922464
FHB_index,PLSRegression,diff_r0p172_CI_RE2_mean,0.007687640213797386
FHB_index,PLSRegression,0510_r0p172_B1_max,0.006325943287635882
FHB_index,PLSRegression,rel_r0p172_B2_mean,0.006083025330441687
FHB_index,PLSRegression,ratio_r0p172_B2_mean,0.006083025330441681
FHB_index,PLSRegression,diff_r0p172_B1_p75,0.0027159597910055406
FHB_index,PLSRegression,diff_r0p172_B5_p75,0.0025746246504564653
FHB_index,PLSRegression,diff_r0p172_B1_mean,0.0019137218222882288
FHB_index,PLSRegression,ratio_r0p172_B2_p75,0.0015679653219252934
FHB_index,PLSRegression,rel_r0p172_B2_p75,0.0015679653219252477
FHB_index,RandomForest,diff_r0p172_B2_p75,0.08443071830806731
FHB_index,RandomForest,rel_r0p172_B4_p75,0.07321187631115081
FHB_index,RandomForest,diff_r0p172_CI_RE2_mean,0.06643289999370228
FHB_index,RandomForest,diff_r0p172_ND_B5_B6_mean,0.06639901994511165
FHB_index,RandomForest,diff_r0p172_NDRE2_mean,0.06564397445291575
FHB_index,RandomForest,0510_r0p172_B1_mean,0.05611458162901041
FHB_index,RandomForest,diff_r0p172_CI_RE2_median,0.05311855800009588
FHB_index,RandomForest,diff_r0p172_B1_p75,0.05087713064483947
FHB_index,RandomForest,0418_r0p172_ND_B1_B4_mean,0.04978538829529526
FHB_index,RandomForest,0510_r0p172_B1_median,0.04588959650824396
FHB_index,RandomForest,ratio_r0p172_B4_p75,0.041779524190233175
FHB_index,RandomForest,rel_r0p172_B5_p75,0.035532167779096395
FHB_index,RandomForest,0510_r0p172_B1_max,0.03411167845766936
FHB_index,RandomForest,ratio_r0p172_B2_p75,0.032968246810130754
FHB_index,RandomForest,ratio_r0p172_B5_p75,0.03189238198243703
FHB_index,RandomForest,rel_r0p172_B2_median,0.03181173400929538
FHB_index,RandomForest,diff_r0p172_B5_p75,0.029281783159625062
FHB_index,RandomForest,rel_r0p172_B2_mean,0.028062036823644755
FHB_index,RandomForest,diff_r0p172_B2_mean,0.02734337058197162
FHB_index,RandomForest,rel_r0p172_B2_p75,0.022790953099748188
FHB_index,RandomForest,diff_r0p172_B1_mean,0.02107079595089627
FHB_index,RandomForest,ratio_r0p172_B2_mean,0.01917661269909364
FHB_index,RandomForest,ratio_r0p172_B2_median,0.017156109583917705
FHB_index,RandomForest,ratio_r0p172_B1_p75,0.00789250637091437
FHB_index,RandomForest,rel_r0p172_B1_p75,0.007226354412893435
