target,model,cv,n,n_features,r2,rmse,mae,pearson_r,spearman_r,features
Flower_num,LinearRegression,LOOCV,33,25,-1.2203291354069288,13.176724495234344,11.199201115025183,0.3110069315931029,0.28106422072203324,0510_r0p172_ND_B2_B3_median;diff_r0p172_DVI_mean;rel_r0p172_DVI_median;ratio_r0p172_DVI_median;0510_r0p172_ND_B1_B3_median;0510_r0p172_ND_B2_B3_mean;0510_r0p172_EVI_median;rel_r0p172_RENDVI1_median;ratio_r0p172_RENDVI1_median;ratio_r0p172_DVI_mean;rel_r0p172_DVI_mean;diff_r0p172_DVI_median;diff_r0p172_ND_B3_B5_median;diff_r0p172_RENDVI2_median;ratio_r0p172_EVI_median;rel_r0p172_EVI_median;rel_r0p172_RENDVI2_median;ratio_r0p172_RENDVI2_median;diff_r0p172_ND_B3_B4_median;diff_r0p172_RENDVI1_median;diff_r0p172_SAVI_median;diff_r0p172_ND_B3_B6_median;diff_r0p172_NDVI_median;0510_r0p172_ND_B1_B3_mean;ratio_r0p172_SAVI_median
Flower_num,Ridge,LOOCV,33,25,0.006042726832473644,8.816224580687406,7.303777964861835,0.3249624184786048,0.41857413516130754,0510_r0p172_ND_B2_B3_median;diff_r0p172_DVI_mean;rel_r0p172_DVI_median;ratio_r0p172_DVI_median;0510_r0p172_ND_B1_B3_median;0510_r0p172_ND_B2_B3_mean;0510_r0p172_EVI_median;rel_r0p172_RENDVI1_median;ratio_r0p172_RENDVI1_median;ratio_r0p172_DVI_mean;rel_r0p172_DVI_mean;diff_r0p172_DVI_median;diff_r0p172_ND_B3_B5_median;diff_r0p172_RENDVI2_median;ratio_r0p172_EVI_median;rel_r0p172_EVI_median;rel_r0p172_RENDVI2_median;ratio_r0p172_RENDVI2_median;diff_r0p172_ND_B3_B4_median;diff_r0p172_RENDVI1_median;diff_r0p172_SAVI_median;diff_r0p172_ND_B3_B6_median;diff_r0p172_NDVI_median;0510_r0p172_ND_B1_B3_mean;ratio_r0p172_SAVI_median
Flower_num,Lasso,LOOCV,33,25,-0.2309671872151806,9.811197652871913,8.211979277707938,0.22458979742270174,0.3148120751814888,0510_r0p172_ND_B2_B3_median;diff_r0p172_DVI_mean;rel_r0p172_DVI_median;ratio_r0p172_DVI_median;0510_r0p172_ND_B1_B3_median;0510_r0p172_ND_B2_B3_mean;0510_r0p172_EVI_median;rel_r0p172_RENDVI1_median;ratio_r0p172_RENDVI1_median;ratio_r0p172_DVI_mean;rel_r0p172_DVI_mean;diff_r0p172_DVI_median;diff_r0p172_ND_B3_B5_median;diff_r0p172_RENDVI2_median;ratio_r0p172_EVI_median;rel_r0p172_EVI_median;rel_r0p172_RENDVI2_median;ratio_r0p172_RENDVI2_median;diff_r0p172_ND_B3_B4_median;diff_r0p172_RENDVI1_median;diff_r0p172_SAVI_median;diff_r0p172_ND_B3_B6_median;diff_r0p172_NDVI_median;0510_r0p172_ND_B1_B3_mean;ratio_r0p172_SAVI_median
Flower_num,ElasticNet,LOOCV,33,25,-0.05341544119846753,9.07608650901768,7.452501562203787,0.2915345465588212,0.37290539678831286,0510_r0p172_ND_B2_B3_median;diff_r0p172_DVI_mean;rel_r0p172_DVI_median;ratio_r0p172_DVI_median;0510_r0p172_ND_B1_B3_median;0510_r0p172_ND_B2_B3_mean;0510_r0p172_EVI_median;rel_r0p172_RENDVI1_median;ratio_r0p172_RENDVI1_median;ratio_r0p172_DVI_mean;rel_r0p172_DVI_mean;diff_r0p172_DVI_median;diff_r0p172_ND_B3_B5_median;diff_r0p172_RENDVI2_median;ratio_r0p172_EVI_median;rel_r0p172_EVI_median;rel_r0p172_RENDVI2_median;ratio_r0p172_RENDVI2_median;diff_r0p172_ND_B3_B4_median;diff_r0p172_RENDVI1_median;diff_r0p172_SAVI_median;diff_r0p172_ND_B3_B6_median;diff_r0p172_NDVI_median;0510_r0p172_ND_B1_B3_mean;ratio_r0p172_SAVI_median
Flower_num,PLSRegression,LOOCV,33,25,-0.06825873856165465,9.139806761556732,7.535880166888169,0.284968206347057,0.3851620802487122,0510_r0p172_ND_B2_B3_median;diff_r0p172_DVI_mean;rel_r0p172_DVI_median;ratio_r0p172_DVI_median;0510_r0p172_ND_B1_B3_median;0510_r0p172_ND_B2_B3_mean;0510_r0p172_EVI_median;rel_r0p172_RENDVI1_median;ratio_r0p172_RENDVI1_median;ratio_r0p172_DVI_mean;rel_r0p172_DVI_mean;diff_r0p172_DVI_median;diff_r0p172_ND_B3_B5_median;diff_r0p172_RENDVI2_median;ratio_r0p172_EVI_median;rel_r0p172_EVI_median;rel_r0p172_RENDVI2_median;ratio_r0p172_RENDVI2_median;diff_r0p172_ND_B3_B4_median;diff_r0p172_RENDVI1_median;diff_r0p172_SAVI_median;diff_r0p172_ND_B3_B6_median;diff_r0p172_NDVI_median;0510_r0p172_ND_B1_B3_mean;ratio_r0p172_SAVI_median
Flower_num,RandomForest,LOOCV,33,25,0.09631082285747594,8.40636663198948,6.84597593119563,0.3874623508831828,0.4642428735343022,0510_r0p172_ND_B2_B3_median;diff_r0p172_DVI_mean;rel_r0p172_DVI_median;ratio_r0p172_DVI_median;0510_r0p172_ND_B1_B3_median;0510_r0p172_ND_B2_B3_mean;0510_r0p172_EVI_median;rel_r0p172_RENDVI1_median;ratio_r0p172_RENDVI1_median;ratio_r0p172_DVI_mean;rel_r0p172_DVI_mean;diff_r0p172_DVI_median;diff_r0p172_ND_B3_B5_median;diff_r0p172_RENDVI2_median;ratio_r0p172_EVI_median;rel_r0p172_EVI_median;rel_r0p172_RENDVI2_median;ratio_r0p172_RENDVI2_median;diff_r0p172_ND_B3_B4_median;diff_r0p172_RENDVI1_median;diff_r0p172_SAVI_median;diff_r0p172_ND_B3_B6_median;diff_r0p172_NDVI_median;0510_r0p172_ND_B1_B3_mean;ratio_r0p172_SAVI_median
Flower_rat,LinearRegression,LOOCV,33,25,-1.2205157041704027,43.92585734686273,37.33361431850068,0.3109811234858893,0.28106422072203324,0510_r0p172_ND_B2_B3_median;diff_r0p172_DVI_mean;rel_r0p172_DVI_median;ratio_r0p172_DVI_median;0510_r0p172_ND_B1_B3_median;0510_r0p172_ND_B2_B3_mean;0510_r0p172_EVI_median;ratio_r0p172_RENDVI1_median;rel_r0p172_RENDVI1_median;ratio_r0p172_DVI_mean;rel_r0p172_DVI_mean;diff_r0p172_DVI_median;diff_r0p172_ND_B3_B5_median;diff_r0p172_RENDVI2_median;ratio_r0p172_EVI_median;rel_r0p172_EVI_median;ratio_r0p172_RENDVI2_median;rel_r0p172_RENDVI2_median;diff_r0p172_ND_B3_B4_median;diff_r0p172_RENDVI1_median;diff_r0p172_SAVI_median;diff_r0p172_ND_B3_B6_median;diff_r0p172_NDVI_median;0510_r0p172_ND_B1_B3_mean;ratio_r0p172_SAVI_median
Flower_rat,Ridge,LOOCV,33,25,0.005994169564512486,29.389201616203636,24.347732190418018,0.32491343730630773,0.41857413516130754,0510_r0p172_ND_B2_B3_median;diff_r0p172_DVI_mean;rel_r0p172_DVI_median;ratio_r0p172_DVI_median;0510_r0p172_ND_B1_B3_median;0510_r0p172_ND_B2_B3_mean;0510_r0p172_EVI_median;ratio_r0p172_RENDVI1_median;rel_r0p172_RENDVI1_median;ratio_r0p172_DVI_mean;rel_r0p172_DVI_mean;diff_r0p172_DVI_median;diff_r0p172_ND_B3_B5_median;diff_r0p172_RENDVI2_median;ratio_r0p172_EVI_median;rel_r0p172_EVI_median;ratio_r0p172_RENDVI2_median;rel_r0p172_RENDVI2_median;diff_r0p172_ND_B3_B4_median;diff_r0p172_RENDVI1_median;diff_r0p172_SAVI_median;diff_r0p172_ND_B3_B6_median;diff_r0p172_NDVI_median;0510_r0p172_ND_B1_B3_mean;ratio_r0p172_SAVI_median
Flower_rat,Lasso,LOOCV,33,25,-0.8143125117965992,39.7053812179131,34.4330174425439,0.10492334330165567,0.05003413248217796,0510_r0p172_ND_B2_B3_median;diff_r0p172_DVI_mean;rel_r0p172_DVI_median;ratio_r0p172_DVI_median;0510_r0p172_ND_B1_B3_median;0510_r0p172_ND_B2_B3_mean;0510_r0p172_EVI_median;ratio_r0p172_RENDVI1_median;rel_r0p172_RENDVI1_median;ratio_r0p172_DVI_mean;rel_r0p172_DVI_mean;diff_r0p172_DVI_median;diff_r0p172_ND_B3_B5_median;diff_r0p172_RENDVI2_median;ratio_r0p172_EVI_median;rel_r0p172_EVI_median;ratio_r0p172_RENDVI2_median;rel_r0p172_RENDVI2_median;diff_r0p172_ND_B3_B4_median;diff_r0p172_RENDVI1_median;diff_r0p172_SAVI_median;diff_r0p172_ND_B3_B6_median;diff_r0p172_NDVI_median;0510_r0p172_ND_B1_B3_mean;ratio_r0p172_SAVI_median
Flower_rat,ElasticNet,LOOCV,33,25,-0.08968310503719512,30.77112901069223,25.357520029028375,0.2731685462723668,0.3446982348520515,0510_r0p172_ND_B2_B3_median;diff_r0p172_DVI_mean;rel_r0p172_DVI_median;ratio_r0p172_DVI_median;0510_r0p172_ND_B1_B3_median;0510_r0p172_ND_B2_B3_mean;0510_r0p172_EVI_median;ratio_r0p172_RENDVI1_median;rel_r0p172_RENDVI1_median;ratio_r0p172_DVI_mean;rel_r0p172_DVI_mean;diff_r0p172_DVI_median;diff_r0p172_ND_B3_B5_median;diff_r0p172_RENDVI2_median;ratio_r0p172_EVI_median;rel_r0p172_EVI_median;ratio_r0p172_RENDVI2_median;rel_r0p172_RENDVI2_median;diff_r0p172_ND_B3_B4_median;diff_r0p172_RENDVI1_median;diff_r0p172_SAVI_median;diff_r0p172_ND_B3_B6_median;diff_r0p172_NDVI_median;0510_r0p172_ND_B1_B3_mean;ratio_r0p172_SAVI_median
Flower_rat,PLSRegression,LOOCV,33,25,-0.06832979117814908,30.468143468401795,25.12182199362387,0.2849117496545778,0.3851620802487122,0510_r0p172_ND_B2_B3_median;diff_r0p172_DVI_mean;rel_r0p172_DVI_median;ratio_r0p172_DVI_median;0510_r0p172_ND_B1_B3_median;0510_r0p172_ND_B2_B3_mean;0510_r0p172_EVI_median;ratio_r0p172_RENDVI1_median;rel_r0p172_RENDVI1_median;ratio_r0p172_DVI_mean;rel_r0p172_DVI_mean;diff_r0p172_DVI_median;diff_r0p172_ND_B3_B5_median;diff_r0p172_RENDVI2_median;ratio_r0p172_EVI_median;rel_r0p172_EVI_median;ratio_r0p172_RENDVI2_median;rel_r0p172_RENDVI2_median;diff_r0p172_ND_B3_B4_median;diff_r0p172_RENDVI1_median;diff_r0p172_SAVI_median;diff_r0p172_ND_B3_B6_median;diff_r0p172_NDVI_median;0510_r0p172_ND_B1_B3_mean;ratio_r0p172_SAVI_median
Flower_rat,RandomForest,LOOCV,33,25,0.09647346339611351,28.01971918820356,22.812939995851515,0.3872374904454727,0.44879609437873047,0510_r0p172_ND_B2_B3_median;diff_r0p172_DVI_mean;rel_r0p172_DVI_median;ratio_r0p172_DVI_median;0510_r0p172_ND_B1_B3_median;0510_r0p172_ND_B2_B3_mean;0510_r0p172_EVI_median;ratio_r0p172_RENDVI1_median;rel_r0p172_RENDVI1_median;ratio_r0p172_DVI_mean;rel_r0p172_DVI_mean;diff_r0p172_DVI_median;diff_r0p172_ND_B3_B5_median;diff_r0p172_RENDVI2_median;ratio_r0p172_EVI_median;rel_r0p172_EVI_median;ratio_r0p172_RENDVI2_median;rel_r0p172_RENDVI2_median;diff_r0p172_ND_B3_B4_median;diff_r0p172_RENDVI1_median;diff_r0p172_SAVI_median;diff_r0p172_ND_B3_B6_median;diff_r0p172_NDVI_median;0510_r0p172_ND_B1_B3_mean;ratio_r0p172_SAVI_median
FHB_num,LinearRegression,5-fold,63,25,-0.21114579283165202,4.940614182051714,3.3767558682324186,0.2087172835426226,0.29813039025712956,ratio_r0p172_B2_p75;rel_r0p172_B2_p75;rel_r0p172_B2_mean;ratio_r0p172_B2_mean;diff_r0p172_ND_B5_B6_mean;diff_r0p172_NDRE2_mean;diff_r0p172_CI_RE2_mean;ratio_r0p172_B4_p75;rel_r0p172_B4_p75;ratio_r0p172_NDRE2_mean;rel_r0p172_NDRE2_mean;rel_r0p172_CI_RE2_mean;ratio_r0p172_CI_RE2_mean;diff_r0p172_B2_p75;rel_r0p172_B5_p75;ratio_r0p172_B5_p75;diff_r0p172_B5_p75;0418_r0p172_ND_B1_B4_mean;ratio_r0p172_B2_median;rel_r0p172_B2_median;0418_r0p172_ND_B1_B2_median;diff_r0p172_CI_RE2_median;diff_r0p172_B2_mean;0510_r0p172_B1_mean;diff_r0p172_B1_median
FHB_num,Ridge,5-fold,63,25,-0.04721076387372736,4.594092941276132,3.077777431830237,0.24903906106829757,0.3456841530586709,ratio_r0p172_B2_p75;rel_r0p172_B2_p75;rel_r0p172_B2_mean;ratio_r0p172_B2_mean;diff_r0p172_ND_B5_B6_mean;diff_r0p172_NDRE2_mean;diff_r0p172_CI_RE2_mean;ratio_r0p172_B4_p75;rel_r0p172_B4_p75;ratio_r0p172_NDRE2_mean;rel_r0p172_NDRE2_mean;rel_r0p172_CI_RE2_mean;ratio_r0p172_CI_RE2_mean;diff_r0p172_B2_p75;rel_r0p172_B5_p75;ratio_r0p172_B5_p75;diff_r0p172_B5_p75;0418_r0p172_ND_B1_B4_mean;ratio_r0p172_B2_median;rel_r0p172_B2_median;0418_r0p172_ND_B1_B2_median;diff_r0p172_CI_RE2_median;diff_r0p172_B2_mean;0510_r0p172_B1_mean;diff_r0p172_B1_median
FHB_num,Lasso,5-fold,63,25,-0.07687786100673932,4.658712956828551,3.1316110591060173,0.2350794640351977,0.3361734004983626,ratio_r0p172_B2_p75;rel_r0p172_B2_p75;rel_r0p172_B2_mean;ratio_r0p172_B2_mean;diff_r0p172_ND_B5_B6_mean;diff_r0p172_NDRE2_mean;diff_r0p172_CI_RE2_mean;ratio_r0p172_B4_p75;rel_r0p172_B4_p75;ratio_r0p172_NDRE2_mean;rel_r0p172_NDRE2_mean;rel_r0p172_CI_RE2_mean;ratio_r0p172_CI_RE2_mean;diff_r0p172_B2_p75;rel_r0p172_B5_p75;ratio_r0p172_B5_p75;diff_r0p172_B5_p75;0418_r0p172_ND_B1_B4_mean;ratio_r0p172_B2_median;rel_r0p172_B2_median;0418_r0p172_ND_B1_B2_median;diff_r0p172_CI_RE2_median;diff_r0p172_B2_mean;0510_r0p172_B1_mean;diff_r0p172_B1_median
FHB_num,ElasticNet,5-fold,63,25,-0.056614117606203385,4.61467300878059,3.0987448743416226,0.24345049861446855,0.33893785924255887,ratio_r0p172_B2_p75;rel_r0p172_B2_p75;rel_r0p172_B2_mean;ratio_r0p172_B2_mean;diff_r0p172_ND_B5_B6_mean;diff_r0p172_NDRE2_mean;diff_r0p172_CI_RE2_mean;ratio_r0p172_B4_p75;rel_r0p172_B4_p75;ratio_r0p172_NDRE2_mean;rel_r0p172_NDRE2_mean;rel_r0p172_CI_RE2_mean;ratio_r0p172_CI_RE2_mean;diff_r0p172_B2_p75;rel_r0p172_B5_p75;ratio_r0p172_B5_p75;diff_r0p172_B5_p75;0418_r0p172_ND_B1_B4_mean;ratio_r0p172_B2_median;rel_r0p172_B2_median;0418_r0p172_ND_B1_B2_median;diff_r0p172_CI_RE2_median;diff_r0p172_B2_mean;0510_r0p172_B1_mean;diff_r0p172_B1_median
FHB_num,PLSRegression,5-fold,63,25,-0.015350289982232201,4.52366751089427,3.0307941963091043,0.27381775523624197,0.3709193498520221,ratio_r0p172_B2_p75;rel_r0p172_B2_p75;rel_r0p172_B2_mean;ratio_r0p172_B2_mean;diff_r0p172_ND_B5_B6_mean;diff_r0p172_NDRE2_mean;diff_r0p172_CI_RE2_mean;ratio_r0p172_B4_p75;rel_r0p172_B4_p75;ratio_r0p172_NDRE2_mean;rel_r0p172_NDRE2_mean;rel_r0p172_CI_RE2_mean;ratio_r0p172_CI_RE2_mean;diff_r0p172_B2_p75;rel_r0p172_B5_p75;ratio_r0p172_B5_p75;diff_r0p172_B5_p75;0418_r0p172_ND_B1_B4_mean;ratio_r0p172_B2_median;rel_r0p172_B2_median;0418_r0p172_ND_B1_B2_median;diff_r0p172_CI_RE2_median;diff_r0p172_B2_mean;0510_r0p172_B1_mean;diff_r0p172_B1_median
FHB_num,RandomForest,5-fold,63,25,0.062136649944908307,4.347629336891193,2.7027261989920723,0.29757379305448367,0.3784518658797862,ratio_r0p172_B2_p75;rel_r0p172_B2_p75;rel_r0p172_B2_mean;ratio_r0p172_B2_mean;diff_r0p172_ND_B5_B6_mean;diff_r0p172_NDRE2_mean;diff_r0p172_CI_RE2_mean;ratio_r0p172_B4_p75;rel_r0p172_B4_p75;ratio_r0p172_NDRE2_mean;rel_r0p172_NDRE2_mean;rel_r0p172_CI_RE2_mean;ratio_r0p172_CI_RE2_mean;diff_r0p172_B2_p75;rel_r0p172_B5_p75;ratio_r0p172_B5_p75;diff_r0p172_B5_p75;0418_r0p172_ND_B1_B4_mean;ratio_r0p172_B2_median;rel_r0p172_B2_median;0418_r0p172_ND_B1_B2_median;diff_r0p172_CI_RE2_median;diff_r0p172_B2_mean;0510_r0p172_B1_mean;diff_r0p172_B1_median
FHB_rate,LinearRegression,5-fold,62,25,-0.37496849705999247,9.686660437197212,6.539523829640204,0.1918603350491203,0.34577474654757,rel_r0p172_B2_p75;ratio_r0p172_B2_p75;ratio_r0p172_B2_mean;rel_r0p172_B2_mean;diff_r0p172_B2_p75;rel_r0p172_B4_p75;ratio_r0p172_B4_p75;ratio_r0p172_B2_median;rel_r0p172_B2_median;diff_r0p172_B2_mean;0510_r0p172_B1_mean;diff_r0p172_B1_median;0510_r0p172_B1_median;diff_r0p172_B1_mean;ratio_r0p172_B4_mean;rel_r0p172_B4_mean;rel_r0p172_B1_p75;ratio_r0p172_B1_p75;diff_r0p172_B1_p75;diff_r0p172_ND_B5_B6_mean;diff_r0p172_NDRE2_mean;ratio_r0p172_B5_p75;rel_r0p172_B5_p75;diff_r0p172_B5_p75;0510_r0p172_B2_p75
FHB_rate,Ridge,5-fold,62,25,-0.10279363370727568,8.675106741182168,5.867610028981585,0.22539587540289746,0.3004748982266547,rel_r0p172_B2_p75;ratio_r0p172_B2_p75;ratio_r0p172_B2_mean;rel_r0p172_B2_mean;diff_r0p172_B2_p75;rel_r0p172_B4_p75;ratio_r0p172_B4_p75;ratio_r0p172_B2_median;rel_r0p172_B2_median;diff_r0p172_B2_mean;0510_r0p172_B1_mean;diff_r0p172_B1_median;0510_r0p172_B1_median;diff_r0p172_B1_mean;ratio_r0p172_B4_mean;rel_r0p172_B4_mean;rel_r0p172_B1_p75;ratio_r0p172_B1_p75;diff_r0p172_B1_p75;diff_r0p172_ND_B5_B6_mean;diff_r0p172_NDRE2_mean;ratio_r0p172_B5_p75;rel_r0p172_B5_p75;diff_r0p172_B5_p75;0510_r0p172_B2_p75
FHB_rate,Lasso,5-fold,62,25,-0.21223215614782198,9.095374842081688,6.0792433108327035,0.184747465330146,0.30594576672282126,rel_r0p172_B2_p75;ratio_r0p172_B2_p75;ratio_r0p172_B2_mean;rel_r0p172_B2_mean;diff_r0p172_B2_p75;rel_r0p172_B4_p75;ratio_r0p172_B4_p75;ratio_r0p172_B2_median;rel_r0p172_B2_median;diff_r0p172_B2_mean;0510_r0p172_B1_mean;diff_r0p172_B1_median;0510_r0p172_B1_median;diff_r0p172_B1_mean;ratio_r0p172_B4_mean;rel_r0p172_B4_mean;rel_r0p172_B1_p75;ratio_r0p172_B1_p75;diff_r0p172_B1_p75;diff_r0p172_ND_B5_B6_mean;diff_r0p172_NDRE2_mean;ratio_r0p172_B5_p75;rel_r0p172_B5_p75;diff_r0p172_B5_p75;0510_r0p172_B2_p75
FHB_rate,ElasticNet,5-fold,62,25,-0.13143865895821216,8.787052250186996,5.935599002575078,0.21306475298754263,0.2921760928749818,rel_r0p172_B2_p75;ratio_r0p172_B2_p75;ratio_r0p172_B2_mean;rel_r0p172_B2_mean;diff_r0p172_B2_p75;rel_r0p172_B4_p75;ratio_r0p172_B4_p75;ratio_r0p172_B2_median;rel_r0p172_B2_median;diff_r0p172_B2_mean;0510_r0p172_B1_mean;diff_r0p172_B1_median;0510_r0p172_B1_median;diff_r0p172_B1_mean;ratio_r0p172_B4_mean;rel_r0p172_B4_mean;rel_r0p172_B1_p75;ratio_r0p172_B1_p75;diff_r0p172_B1_p75;diff_r0p172_ND_B5_B6_mean;diff_r0p172_NDRE2_mean;ratio_r0p172_B5_p75;rel_r0p172_B5_p75;diff_r0p172_B5_p75;0510_r0p172_B2_p75
FHB_rate,PLSRegression,5-fold,62,25,-0.15747751959941336,8.887589444892475,6.052818010996294,0.1983297550390317,0.2790935812537139,rel_r0p172_B2_p75;ratio_r0p172_B2_p75;ratio_r0p172_B2_mean;rel_r0p172_B2_mean;diff_r0p172_B2_p75;rel_r0p172_B4_p75;ratio_r0p172_B4_p75;ratio_r0p172_B2_median;rel_r0p172_B2_median;diff_r0p172_B2_mean;0510_r0p172_B1_mean;diff_r0p172_B1_median;0510_r0p172_B1_median;diff_r0p172_B1_mean;ratio_r0p172_B4_mean;rel_r0p172_B4_mean;rel_r0p172_B1_p75;ratio_r0p172_B1_p75;diff_r0p172_B1_p75;diff_r0p172_ND_B5_B6_mean;diff_r0p172_NDRE2_mean;ratio_r0p172_B5_p75;rel_r0p172_B5_p75;diff_r0p172_B5_p75;0510_r0p172_B2_p75
FHB_rate,RandomForest,5-fold,62,25,-0.01430431272622501,8.319779917171847,5.252750969518834,0.28654273035805156,0.3133459753166697,rel_r0p172_B2_p75;ratio_r0p172_B2_p75;ratio_r0p172_B2_mean;rel_r0p172_B2_mean;diff_r0p172_B2_p75;rel_r0p172_B4_p75;ratio_r0p172_B4_p75;ratio_r0p172_B2_median;rel_r0p172_B2_median;diff_r0p172_B2_mean;0510_r0p172_B1_mean;diff_r0p172_B1_median;0510_r0p172_B1_median;diff_r0p172_B1_mean;ratio_r0p172_B4_mean;rel_r0p172_B4_mean;rel_r0p172_B1_p75;ratio_r0p172_B1_p75;diff_r0p172_B1_p75;diff_r0p172_ND_B5_B6_mean;diff_r0p172_NDRE2_mean;ratio_r0p172_B5_p75;rel_r0p172_B5_p75;diff_r0p172_B5_p75;0510_r0p172_B2_p75
FHB_index,LinearRegression,5-fold,62,25,-0.5073472650202162,0.09300259829826261,0.061889935368018685,0.14768954213735236,0.2542527936340021,rel_r0p172_B2_p75;ratio_r0p172_B2_p75;rel_r0p172_B2_mean;ratio_r0p172_B2_mean;rel_r0p172_B4_p75;ratio_r0p172_B4_p75;diff_r0p172_B2_p75;diff_r0p172_ND_B5_B6_mean;diff_r0p172_NDRE2_mean;diff_r0p172_CI_RE2_mean;0418_r0p172_ND_B1_B4_mean;0510_r0p172_B1_mean;diff_r0p172_B2_mean;ratio_r0p172_B2_median;rel_r0p172_B2_median;diff_r0p172_B5_p75;rel_r0p172_B5_p75;ratio_r0p172_B5_p75;0510_r0p172_B1_median;diff_r0p172_B1_p75;diff_r0p172_CI_RE2_median;rel_r0p172_B1_p75;ratio_r0p172_B1_p75;diff_r0p172_B1_mean;0510_r0p172_B1_max
FHB_index,Ridge,5-fold,62,25,-0.12222242611212542,0.08024683176576268,0.05116689060537735,0.2394791929337115,0.28699440934839665,rel_r0p172_B2_p75;ratio_r0p172_B2_p75;rel_r0p172_B2_mean;ratio_r0p172_B2_mean;rel_r0p172_B4_p75;ratio_r0p172_B4_p75;diff_r0p172_B2_p75;diff_r0p172_ND_B5_B6_mean;diff_r0p172_NDRE2_mean;diff_r0p172_CI_RE2_mean;0418_r0p172_ND_B1_B4_mean;0510_r0p172_B1_mean;diff_r0p172_B2_mean;ratio_r0p172_B2_median;rel_r0p172_B2_median;diff_r0p172_B5_p75;rel_r0p172_B5_p75;ratio_r0p172_B5_p75;0510_r0p172_B1_median;diff_r0p172_B1_p75;diff_r0p172_CI_RE2_median;rel_r0p172_B1_p75;ratio_r0p172_B1_p75;diff_r0p172_B1_mean;0510_r0p172_B1_max
FHB_index,Lasso,5-fold,62,25,0.040315587328001556,0.07420832754168225,0.04256476555387815,0.20419241028930843,0.41408038441760214,rel_r0p172_B2_p75;ratio_r0p172_B2_p75;rel_r0p172_B2_mean;ratio_r0p172_B2_mean;rel_r0p172_B4_p75;ratio_r0p172_B4_p75;diff_r0p172_B2_p75;diff_r0p172_ND_B5_B6_mean;diff_r0p172_NDRE2_mean;diff_r0p172_CI_RE2_mean;0418_r0p172_ND_B1_B4_mean;0510_r0p172_B1_mean;diff_r0p172_B2_mean;ratio_r0p172_B2_median;rel_r0p172_B2_median;diff_r0p172_B5_p75;rel_r0p172_B5_p75;ratio_r0p172_B5_p75;0510_r0p172_B1_median;diff_r0p172_B1_p75;diff_r0p172_CI_RE2_median;rel_r0p172_B1_p75;ratio_r0p172_B1_p75;diff_r0p172_B1_mean;0510_r0p172_B1_max
FHB_index,ElasticNet,5-fold,62,25,0.06300350451919667,0.07332590074931906,0.042040804418904544,0.2753200406440845,0.4679760481450005,rel_r0p172_B2_p75;ratio_r0p172_B2_p75;rel_r0p172_B2_mean;ratio_r0p172_B2_mean;rel_r0p172_B4_p75;ratio_r0p172_B4_p75;diff_r0p172_B2_p75;diff_r0p172_ND_B5_B6_mean;diff_r0p172_NDRE2_mean;diff_r0p172_CI_RE2_mean;0418_r0p172_ND_B1_B4_mean;0510_r0p172_B1_mean;diff_r0p172_B2_mean;ratio_r0p172_B2_median;rel_r0p172_B2_median;diff_r0p172_B5_p75;rel_r0p172_B5_p75;ratio_r0p172_B5_p75;0510_r0p172_B1_median;diff_r0p172_B1_p75;diff_r0p172_CI_RE2_median;rel_r0p172_B1_p75;ratio_r0p172_B1_p75;diff_r0p172_B1_mean;0510_r0p172_B1_max
FHB_index,PLSRegression,5-fold,62,25,-0.12020659961219282,0.08017472645276515,0.051611816368936296,0.24723648073176818,0.24519832212779913,rel_r0p172_B2_p75;ratio_r0p172_B2_p75;rel_r0p172_B2_mean;ratio_r0p172_B2_mean;rel_r0p172_B4_p75;ratio_r0p172_B4_p75;diff_r0p172_B2_p75;diff_r0p172_ND_B5_B6_mean;diff_r0p172_NDRE2_mean;diff_r0p172_CI_RE2_mean;0418_r0p172_ND_B1_B4_mean;0510_r0p172_B1_mean;diff_r0p172_B2_mean;ratio_r0p172_B2_median;rel_r0p172_B2_median;diff_r0p172_B5_p75;rel_r0p172_B5_p75;ratio_r0p172_B5_p75;0510_r0p172_B1_median;diff_r0p172_B1_p75;diff_r0p172_CI_RE2_median;rel_r0p172_B1_p75;ratio_r0p172_B1_p75;diff_r0p172_B1_mean;0510_r0p172_B1_max
FHB_index,RandomForest,5-fold,62,25,-0.004698125377871509,0.07592874459663954,0.044522857808261054,0.28109104989184436,0.31210978864536426,rel_r0p172_B2_p75;ratio_r0p172_B2_p75;rel_r0p172_B2_mean;ratio_r0p172_B2_mean;rel_r0p172_B4_p75;ratio_r0p172_B4_p75;diff_r0p172_B2_p75;diff_r0p172_ND_B5_B6_mean;diff_r0p172_NDRE2_mean;diff_r0p172_CI_RE2_mean;0418_r0p172_ND_B1_B4_mean;0510_r0p172_B1_mean;diff_r0p172_B2_mean;ratio_r0p172_B2_median;rel_r0p172_B2_median;diff_r0p172_B5_p75;rel_r0p172_B5_p75;ratio_r0p172_B5_p75;0510_r0p172_B1_median;diff_r0p172_B1_p75;diff_r0p172_CI_RE2_median;rel_r0p172_B1_p75;ratio_r0p172_B1_p75;diff_r0p172_B1_mean;0510_r0p172_B1_max
