target,scale,feature_set,model,fold,test_group,train_n,test_n,input_feature_count,selected_feature_count,selected_features,params
Flower_rat,point,all_features,DummyMean,1,0,31,2,378,0,,"{""memory"": null, ""steps"": [[""imputer"", ""SimpleImputer(strategy='median')""], [""model"", ""DummyRegressor()""]], ""transform_input"": null, ""verbose"": false}"
Flower_rat,point,all_features,DummyMean,2,1,23,10,378,0,,"{""memory"": null, ""steps"": [[""imputer"", ""SimpleImputer(strategy='median')""], [""model"", ""DummyRegressor()""]], ""transform_input"": null, ""verbose"": false}"
Flower_rat,point,all_features,DummyMean,3,2,26,7,378,0,,"{""memory"": null, ""steps"": [[""imputer"", ""SimpleImputer(strategy='median')""], [""model"", ""DummyRegressor()""]], ""transform_input"": null, ""verbose"": false}"
Flower_rat,point,all_features,DummyMean,4,3,25,8,378,0,,"{""memory"": null, ""steps"": [[""imputer"", ""SimpleImputer(strategy='median')""], [""model"", ""DummyRegressor()""]], ""transform_input"": null, ""verbose"": false}"
Flower_rat,point,all_features,DummyMean,5,4,27,6,378,0,,"{""memory"": null, ""steps"": [[""imputer"", ""SimpleImputer(strategy='median')""], [""model"", ""DummyRegressor()""]], ""transform_input"": null, ""verbose"": false}"
Flower_rat,point,0510_single_date,Ridge,1,0,31,2,102,10,0510_rpt_ND_B4_B6_mean;0510_rpt_ND_B4_B6_median;0510_rpt_GNDVI_mean;0510_rpt_NDRE1_mean;0510_rpt_RVI_mean;0510_rpt_CI_RE1_mean;0510_rpt_GNDVI_median;0510_rpt_NDRE1_median;0510_rpt_RVI_median;0510_rpt_CI_RE1_median,"{""memory"": null, ""steps"": [[""imputer"", ""SimpleImputer(strategy='median')""], [""selector"", ""SelectKBest(score_func=<function f_regression at 0x78c99b936290>)""], [""scaler"", ""StandardScaler()""], [""model"", ""Ridge(alpha=10.0)""]], ""transform_input"": null, ""verbose"": false}"
Flower_rat,point,0510_single_date,Ridge,2,1,23,10,102,10,0510_rpt_ND_B1_B3_mean;0510_rpt_ND_B3_B4_mean;0510_rpt_ND_B1_B3_median;0510_rpt_ND_B3_B4_median;0510_rpt_RENDVI1_mean;0510_rpt_RVI_mean;0510_rpt_EVI_mean;0510_rpt_RENDVI1_median;0510_rpt_RVI_median;0510_rpt_EVI_median,"{""memory"": null, ""steps"": [[""imputer"", ""SimpleImputer(strategy='median')""], [""selector"", ""SelectKBest(score_func=<function f_regression at 0x78c99b936290>)""], [""scaler"", ""StandardScaler()""], [""model"", ""Ridge(alpha=10.0)""]], ""transform_input"": null, ""verbose"": false}"
Flower_rat,point,0510_single_date,Ridge,3,2,26,7,102,10,0510_rpt_ND_B1_B6_mean;0510_rpt_ND_B4_B6_mean;0510_rpt_ND_B1_B6_median;0510_rpt_ND_B4_B6_median;0510_rpt_NDRE1_mean;0510_rpt_RVI_mean;0510_rpt_CI_RE1_mean;0510_rpt_NDRE1_median;0510_rpt_RVI_median;0510_rpt_CI_RE1_median,"{""memory"": null, ""steps"": [[""imputer"", ""SimpleImputer(strategy='median')""], [""selector"", ""SelectKBest(score_func=<function f_regression at 0x78c99b936290>)""], [""scaler"", ""StandardScaler()""], [""model"", ""Ridge(alpha=10.0)""]], ""transform_input"": null, ""verbose"": false}"
Flower_rat,point,0510_single_date,Ridge,4,3,25,8,102,10,0510_rpt_ND_B2_B5_mean;0510_rpt_ND_B2_B6_mean;0510_rpt_ND_B2_B5_median;0510_rpt_ND_B2_B6_median;0510_rpt_GNDVI_mean;0510_rpt_RVI_mean;0510_rpt_CI_RE1_mean;0510_rpt_GNDVI_median;0510_rpt_RVI_median;0510_rpt_CI_RE1_median,"{""memory"": null, ""steps"": [[""imputer"", ""SimpleImputer(strategy='median')""], [""selector"", ""SelectKBest(score_func=<function f_regression at 0x78c99b936290>)""], [""scaler"", ""StandardScaler()""], [""model"", ""Ridge(alpha=10.0)""]], ""transform_input"": null, ""verbose"": false}"
Flower_rat,point,0510_single_date,Ridge,5,4,27,6,102,10,0510_rpt_ND_B4_B5_mean;0510_rpt_ND_B4_B6_mean;0510_rpt_ND_B4_B5_median;0510_rpt_ND_B4_B6_median;0510_rpt_NDRE1_mean;0510_rpt_RVI_mean;0510_rpt_CI_RE1_mean;0510_rpt_NDRE1_median;0510_rpt_RVI_median;0510_rpt_CI_RE1_median,"{""memory"": null, ""steps"": [[""imputer"", ""SimpleImputer(strategy='median')""], [""selector"", ""SelectKBest(score_func=<function f_regression at 0x78c99b936290>)""], [""scaler"", ""StandardScaler()""], [""model"", ""Ridge(alpha=10.0)""]], ""transform_input"": null, ""verbose"": false}"
Flower_rat,point,0418_single_date,Ridge,1,0,31,2,102,10,0418_rpt_B3_min;0418_rpt_B3_max;0418_rpt_B3_p25;0418_rpt_B3_p75;0418_rpt_ND_B1_B3_mean;0418_rpt_ND_B2_B3_mean;0418_rpt_ND_B1_B3_median;0418_rpt_ND_B2_B3_median;0418_rpt_EVI_mean;0418_rpt_EVI_median,"{""memory"": null, ""steps"": [[""imputer"", ""SimpleImputer(strategy='median')""], [""selector"", ""SelectKBest(score_func=<function f_regression at 0x78c99b936290>)""], [""scaler"", ""StandardScaler()""], [""model"", ""Ridge(alpha=10.0)""]], ""transform_input"": null, ""verbose"": false}"
Flower_rat,point,0418_single_date,Ridge,2,1,23,10,102,10,0418_rpt_ND_B3_B6_mean;0418_rpt_ND_B3_B6_median;0418_rpt_NDVI_mean;0418_rpt_RENDVI2_mean;0418_rpt_RVI_mean;0418_rpt_SAVI_mean;0418_rpt_NDVI_median;0418_rpt_RENDVI2_median;0418_rpt_RVI_median;0418_rpt_SAVI_median,"{""memory"": null, ""steps"": [[""imputer"", ""SimpleImputer(strategy='median')""], [""selector"", ""SelectKBest(score_func=<function f_regression at 0x78c99b936290>)""], [""scaler"", ""StandardScaler()""], [""model"", ""Ridge(alpha=10.0)""]], ""transform_input"": null, ""verbose"": false}"
Flower_rat,point,0418_single_date,Ridge,3,2,26,7,102,10,0418_rpt_ND_B1_B3_mean;0418_rpt_ND_B5_B6_mean;0418_rpt_ND_B1_B3_median;0418_rpt_ND_B5_B6_median;0418_rpt_NDRE2_mean;0418_rpt_EVI_mean;0418_rpt_CI_RE2_mean;0418_rpt_NDRE2_median;0418_rpt_EVI_median;0418_rpt_CI_RE2_median,"{""memory"": null, ""steps"": [[""imputer"", ""SimpleImputer(strategy='median')""], [""selector"", ""SelectKBest(score_func=<function f_regression at 0x78c99b936290>)""], [""scaler"", ""StandardScaler()""], [""model"", ""Ridge(alpha=10.0)""]], ""transform_input"": null, ""verbose"": false}"
Flower_rat,point,0418_single_date,Ridge,4,3,25,8,102,10,0418_rpt_ND_B1_B3_mean;0418_rpt_ND_B5_B6_mean;0418_rpt_ND_B1_B3_median;0418_rpt_ND_B5_B6_median;0418_rpt_NDRE2_mean;0418_rpt_EVI_mean;0418_rpt_CI_RE2_mean;0418_rpt_NDRE2_median;0418_rpt_EVI_median;0418_rpt_CI_RE2_median,"{""memory"": null, ""steps"": [[""imputer"", ""SimpleImputer(strategy='median')""], [""selector"", ""SelectKBest(score_func=<function f_regression at 0x78c99b936290>)""], [""scaler"", ""StandardScaler()""], [""model"", ""Ridge(alpha=10.0)""]], ""transform_input"": null, ""verbose"": false}"
Flower_rat,point,0418_single_date,Ridge,5,4,27,6,102,10,0418_rpt_B3_min;0418_rpt_B3_max;0418_rpt_B3_p25;0418_rpt_B3_p75;0418_rpt_ND_B1_B3_mean;0418_rpt_ND_B2_B3_mean;0418_rpt_ND_B1_B3_median;0418_rpt_ND_B2_B3_median;0418_rpt_EVI_mean;0418_rpt_EVI_median,"{""memory"": null, ""steps"": [[""imputer"", ""SimpleImputer(strategy='median')""], [""selector"", ""SelectKBest(score_func=<function f_regression at 0x78c99b936290>)""], [""scaler"", ""StandardScaler()""], [""model"", ""Ridge(alpha=10.0)""]], ""transform_input"": null, ""verbose"": false}"
Flower_rat,point,change_only,Ridge,1,0,31,2,174,10,ratio_rpt_NDRE1_mean;rel_rpt_NDRE1_mean;ratio_rpt_RVI_mean;rel_rpt_RVI_mean;rel_rpt_CI_RE1_mean;ratio_rpt_NDRE1_median;rel_rpt_NDRE1_median;ratio_rpt_RVI_median;rel_rpt_RVI_median;rel_rpt_CI_RE1_median,"{""memory"": null, ""steps"": [[""imputer"", ""SimpleImputer(strategy='median')""], [""selector"", ""SelectKBest(score_func=<function f_regression at 0x78c99b936290>)""], [""scaler"", ""StandardScaler()""], [""model"", ""Ridge(alpha=10.0)""]], ""transform_input"": null, ""verbose"": false}"
Flower_rat,point,change_only,Ridge,2,1,23,10,174,10,diff_rpt_DVI_mean;ratio_rpt_DVI_mean;rel_rpt_DVI_mean;ratio_rpt_EVI_mean;rel_rpt_EVI_mean;diff_rpt_DVI_median;ratio_rpt_DVI_median;rel_rpt_DVI_median;ratio_rpt_EVI_median;rel_rpt_EVI_median,"{""memory"": null, ""steps"": [[""imputer"", ""SimpleImputer(strategy='median')""], [""selector"", ""SelectKBest(score_func=<function f_regression at 0x78c99b936290>)""], [""scaler"", ""StandardScaler()""], [""model"", ""Ridge(alpha=10.0)""]], ""transform_input"": null, ""verbose"": false}"
Flower_rat,point,change_only,Ridge,3,2,26,7,174,10,diff_rpt_ND_B1_B6_mean;diff_rpt_ND_B1_B6_median;ratio_rpt_CI_RE1_mean;rel_rpt_CI_RE1_mean;ratio_rpt_CI_RE2_mean;rel_rpt_CI_RE2_mean;ratio_rpt_CI_RE1_median;rel_rpt_CI_RE1_median;ratio_rpt_CI_RE2_median;rel_rpt_CI_RE2_median,"{""memory"": null, ""steps"": [[""imputer"", ""SimpleImputer(strategy='median')""], [""selector"", ""SelectKBest(score_func=<function f_regression at 0x78c99b936290>)""], [""scaler"", ""StandardScaler()""], [""model"", ""Ridge(alpha=10.0)""]], ""transform_input"": null, ""verbose"": false}"
Flower_rat,point,change_only,Ridge,4,3,25,8,174,10,diff_rpt_ND_B2_B6_mean;diff_rpt_ND_B2_B6_median;diff_rpt_GNDVI_mean;rel_rpt_GNDVI_mean;ratio_rpt_RVI_mean;rel_rpt_RVI_mean;diff_rpt_GNDVI_median;rel_rpt_GNDVI_median;ratio_rpt_RVI_median;rel_rpt_RVI_median,"{""memory"": null, ""steps"": [[""imputer"", ""SimpleImputer(strategy='median')""], [""selector"", ""SelectKBest(score_func=<function f_regression at 0x78c99b936290>)""], [""scaler"", ""StandardScaler()""], [""model"", ""Ridge(alpha=10.0)""]], ""transform_input"": null, ""verbose"": false}"
Flower_rat,point,change_only,Ridge,5,4,27,6,174,10,diff_rpt_NDRE1_mean;ratio_rpt_NDRE1_mean;rel_rpt_NDRE1_mean;ratio_rpt_CI_RE1_mean;rel_rpt_CI_RE1_mean;diff_rpt_NDRE1_median;ratio_rpt_NDRE1_median;rel_rpt_NDRE1_median;ratio_rpt_CI_RE1_median;rel_rpt_CI_RE1_median,"{""memory"": null, ""steps"": [[""imputer"", ""SimpleImputer(strategy='median')""], [""selector"", ""SelectKBest(score_func=<function f_regression at 0x78c99b936290>)""], [""scaler"", ""StandardScaler()""], [""model"", ""Ridge(alpha=10.0)""]], ""transform_input"": null, ""verbose"": false}"
Flower_rat,point,all_features,Ridge,1,0,31,2,378,10,0510_rpt_RVI_mean;0510_rpt_CI_RE1_mean;ratio_rpt_NDRE1_mean;ratio_rpt_RVI_mean;rel_rpt_RVI_mean;0510_rpt_RVI_median;0510_rpt_CI_RE1_median;ratio_rpt_NDRE1_median;ratio_rpt_RVI_median;rel_rpt_RVI_median,"{""memory"": null, ""steps"": [[""imputer"", ""SimpleImputer(strategy='median')""], [""selector"", ""SelectKBest(score_func=<function f_regression at 0x78c99b936290>)""], [""scaler"", ""StandardScaler()""], [""model"", ""Ridge(alpha=10.0)""]], ""transform_input"": null, ""verbose"": false}"
Flower_rat,point,all_features,Ridge,2,1,23,10,378,10,0510_rpt_ND_B1_B3_mean;0510_rpt_ND_B1_B3_median;0510_rpt_EVI_mean;diff_rpt_DVI_mean;ratio_rpt_DVI_mean;rel_rpt_DVI_mean;0510_rpt_EVI_median;diff_rpt_DVI_median;ratio_rpt_DVI_median;rel_rpt_DVI_median,"{""memory"": null, ""steps"": [[""imputer"", ""SimpleImputer(strategy='median')""], [""selector"", ""SelectKBest(score_func=<function f_regression at 0x78c99b936290>)""], [""scaler"", ""StandardScaler()""], [""model"", ""Ridge(alpha=10.0)""]], ""transform_input"": null, ""verbose"": false}"
Flower_rat,point,all_features,Ridge,3,2,26,7,378,10,diff_rpt_ND_B1_B6_mean;0510_rpt_ND_B4_B6_mean;diff_rpt_ND_B1_B6_median;0510_rpt_ND_B4_B6_median;0510_rpt_NDRE1_mean;0510_rpt_RVI_mean;0510_rpt_CI_RE1_mean;0510_rpt_NDRE1_median;0510_rpt_RVI_median;0510_rpt_CI_RE1_median,"{""memory"": null, ""steps"": [[""imputer"", ""SimpleImputer(strategy='median')""], [""selector"", ""SelectKBest(score_func=<function f_regression at 0x78c99b936290>)""], [""scaler"", ""StandardScaler()""], [""model"", ""Ridge(alpha=10.0)""]], ""transform_input"": null, ""verbose"": false}"
Flower_rat,point,all_features,Ridge,4,3,25,8,378,10,diff_rpt_ND_B2_B6_mean;diff_rpt_ND_B2_B6_median;diff_rpt_GNDVI_mean;rel_rpt_GNDVI_mean;ratio_rpt_RVI_mean;rel_rpt_RVI_mean;diff_rpt_GNDVI_median;rel_rpt_GNDVI_median;ratio_rpt_RVI_median;rel_rpt_RVI_median,"{""memory"": null, ""steps"": [[""imputer"", ""SimpleImputer(strategy='median')""], [""selector"", ""SelectKBest(score_func=<function f_regression at 0x78c99b936290>)""], [""scaler"", ""StandardScaler()""], [""model"", ""Ridge(alpha=10.0)""]], ""transform_input"": null, ""verbose"": false}"
Flower_rat,point,all_features,Ridge,5,4,27,6,378,10,0510_rpt_CI_RE1_mean;ratio_rpt_NDRE1_mean;rel_rpt_NDRE1_mean;ratio_rpt_CI_RE1_mean;rel_rpt_CI_RE1_mean;0510_rpt_CI_RE1_median;ratio_rpt_NDRE1_median;rel_rpt_NDRE1_median;ratio_rpt_CI_RE1_median;rel_rpt_CI_RE1_median,"{""memory"": null, ""steps"": [[""imputer"", ""SimpleImputer(strategy='median')""], [""selector"", ""SelectKBest(score_func=<function f_regression at 0x78c99b936290>)""], [""scaler"", ""StandardScaler()""], [""model"", ""Ridge(alpha=10.0)""]], ""transform_input"": null, ""verbose"": false}"
Flower_rat,point,0510_single_date,SingleFeatureLinear,1,0,31,2,102,1,0510_rpt_RVI_median,"{""memory"": null, ""steps"": [[""imputer"", ""SimpleImputer(strategy='median')""], [""selector"", ""SelectKBest(k=1, score_func=<function f_regression at 0x78c99b936290>)""], [""scaler"", ""StandardScaler()""], [""model"", ""LinearRegression()""]], ""transform_input"": null, ""verbose"": false}"
Flower_rat,point,0510_single_date,SingleFeatureLinear,2,1,23,10,102,1,0510_rpt_ND_B1_B3_median,"{""memory"": null, ""steps"": [[""imputer"", ""SimpleImputer(strategy='median')""], [""selector"", ""SelectKBest(k=1, score_func=<function f_regression at 0x78c99b936290>)""], [""scaler"", ""StandardScaler()""], [""model"", ""LinearRegression()""]], ""transform_input"": null, ""verbose"": false}"
Flower_rat,point,0510_single_date,SingleFeatureLinear,3,2,26,7,102,1,0510_rpt_CI_RE1_median,"{""memory"": null, ""steps"": [[""imputer"", ""SimpleImputer(strategy='median')""], [""selector"", ""SelectKBest(k=1, score_func=<function f_regression at 0x78c99b936290>)""], [""scaler"", ""StandardScaler()""], [""model"", ""LinearRegression()""]], ""transform_input"": null, ""verbose"": false}"
Flower_rat,point,0510_single_date,SingleFeatureLinear,4,3,25,8,102,1,0510_rpt_RVI_median,"{""memory"": null, ""steps"": [[""imputer"", ""SimpleImputer(strategy='median')""], [""selector"", ""SelectKBest(k=1, score_func=<function f_regression at 0x78c99b936290>)""], [""scaler"", ""StandardScaler()""], [""model"", ""LinearRegression()""]], ""transform_input"": null, ""verbose"": false}"
Flower_rat,point,0510_single_date,SingleFeatureLinear,5,4,27,6,102,1,0510_rpt_CI_RE1_median,"{""memory"": null, ""steps"": [[""imputer"", ""SimpleImputer(strategy='median')""], [""selector"", ""SelectKBest(k=1, score_func=<function f_regression at 0x78c99b936290>)""], [""scaler"", ""StandardScaler()""], [""model"", ""LinearRegression()""]], ""transform_input"": null, ""verbose"": false}"
Flower_rat,one_sqft,all_features,DummyMean,1,0,31,2,378,0,,"{""memory"": null, ""steps"": [[""imputer"", ""SimpleImputer(strategy='median')""], [""model"", ""DummyRegressor()""]], ""transform_input"": null, ""verbose"": false}"
Flower_rat,one_sqft,all_features,DummyMean,2,1,23,10,378,0,,"{""memory"": null, ""steps"": [[""imputer"", ""SimpleImputer(strategy='median')""], [""model"", ""DummyRegressor()""]], ""transform_input"": null, ""verbose"": false}"
Flower_rat,one_sqft,all_features,DummyMean,3,2,26,7,378,0,,"{""memory"": null, ""steps"": [[""imputer"", ""SimpleImputer(strategy='median')""], [""model"", ""DummyRegressor()""]], ""transform_input"": null, ""verbose"": false}"
Flower_rat,one_sqft,all_features,DummyMean,4,3,25,8,378,0,,"{""memory"": null, ""steps"": [[""imputer"", ""SimpleImputer(strategy='median')""], [""model"", ""DummyRegressor()""]], ""transform_input"": null, ""verbose"": false}"
Flower_rat,one_sqft,all_features,DummyMean,5,4,27,6,378,0,,"{""memory"": null, ""steps"": [[""imputer"", ""SimpleImputer(strategy='median')""], [""model"", ""DummyRegressor()""]], ""transform_input"": null, ""verbose"": false}"
Flower_rat,one_sqft,0510_single_date,Ridge,1,0,31,2,102,10,0510_r0p172_ND_B1_B3_mean;0510_r0p172_ND_B2_B3_mean;0510_r0p172_ND_B1_B3_median;0510_r0p172_ND_B2_B3_median;0510_r0p172_ND_B3_B4_median;0510_r0p172_ND_B4_B5_median;0510_r0p172_RENDVI1_median;0510_r0p172_RENDVI2_median;0510_r0p172_RVI_median;0510_r0p172_EVI_median,"{""memory"": null, ""steps"": [[""imputer"", ""SimpleImputer(strategy='median')""], [""selector"", ""SelectKBest(score_func=<function f_regression at 0x78c99b936290>)""], [""scaler"", ""StandardScaler()""], [""model"", ""Ridge(alpha=10.0)""]], ""transform_input"": null, ""verbose"": false}"
Flower_rat,one_sqft,0510_single_date,Ridge,2,1,23,10,102,10,0510_r0p172_ND_B1_B3_mean;0510_r0p172_ND_B2_B3_mean;0510_r0p172_ND_B1_B3_median;0510_r0p172_ND_B2_B3_median;0510_r0p172_ND_B3_B4_median;0510_r0p172_EVI_mean;0510_r0p172_RENDVI1_median;0510_r0p172_RENDVI2_median;0510_r0p172_RVI_median;0510_r0p172_EVI_median,"{""memory"": null, ""steps"": [[""imputer"", ""SimpleImputer(strategy='median')""], [""selector"", ""SelectKBest(score_func=<function f_regression at 0x78c99b936290>)""], [""scaler"", ""StandardScaler()""], [""model"", ""Ridge(alpha=10.0)""]], ""transform_input"": null, ""verbose"": false}"
Flower_rat,one_sqft,0510_single_date,Ridge,3,2,26,7,102,10,0510_r0p172_ND_B1_B3_mean;0510_r0p172_ND_B2_B3_mean;0510_r0p172_ND_B1_B3_median;0510_r0p172_ND_B3_B4_median;0510_r0p172_ND_B3_B5_median;0510_r0p172_ND_B4_B5_median;0510_r0p172_RENDVI1_median;0510_r0p172_RENDVI2_median;0510_r0p172_RVI_median;0510_r0p172_EVI_median,"{""memory"": null, ""steps"": [[""imputer"", ""SimpleImputer(strategy='median')""], [""selector"", ""SelectKBest(score_func=<function f_regression at 0x78c99b936290>)""], [""scaler"", ""StandardScaler()""], [""model"", ""Ridge(alpha=10.0)""]], ""transform_input"": null, ""verbose"": false}"
Flower_rat,one_sqft,0510_single_date,Ridge,4,3,25,8,102,10,0510_r0p172_ND_B1_B3_median;0510_r0p172_ND_B2_B4_median;0510_r0p172_ND_B2_B5_median;0510_r0p172_ND_B2_B6_median;0510_r0p172_ND_B4_B5_median;0510_r0p172_RVI_mean;0510_r0p172_CI_RE1_mean;0510_r0p172_GNDVI_median;0510_r0p172_RVI_median;0510_r0p172_CI_RE1_median,"{""memory"": null, ""steps"": [[""imputer"", ""SimpleImputer(strategy='median')""], [""selector"", ""SelectKBest(score_func=<function f_regression at 0x78c99b936290>)""], [""scaler"", ""StandardScaler()""], [""model"", ""Ridge(alpha=10.0)""]], ""transform_input"": null, ""verbose"": false}"
Flower_rat,one_sqft,0510_single_date,Ridge,5,4,27,6,102,10,0510_r0p172_ND_B1_B3_mean;0510_r0p172_ND_B2_B3_mean;0510_r0p172_ND_B1_B3_median;0510_r0p172_ND_B2_B3_median;0510_r0p172_ND_B3_B4_median;0510_r0p172_ND_B4_B5_median;0510_r0p172_RENDVI1_median;0510_r0p172_RENDVI2_median;0510_r0p172_RVI_median;0510_r0p172_EVI_median,"{""memory"": null, ""steps"": [[""imputer"", ""SimpleImputer(strategy='median')""], [""selector"", ""SelectKBest(score_func=<function f_regression at 0x78c99b936290>)""], [""scaler"", ""StandardScaler()""], [""model"", ""Ridge(alpha=10.0)""]], ""transform_input"": null, ""verbose"": false}"
Flower_rat,one_sqft,0418_single_date,Ridge,1,0,31,2,102,10,0418_r0p172_B1_std;0418_r0p172_B2_std;0418_r0p172_B2_max;0418_r0p172_B2_p75;0418_r0p172_B4_std;0418_r0p172_B4_max;0418_r0p172_B5_std;0418_r0p172_B5_max;0418_r0p172_B6_std;0418_r0p172_ND_B2_B3_mean,"{""memory"": null, ""steps"": [[""imputer"", ""SimpleImputer(strategy='median')""], [""selector"", ""SelectKBest(score_func=<function f_regression at 0x78c99b936290>)""], [""scaler"", ""StandardScaler()""], [""model"", ""Ridge(alpha=10.0)""]], ""transform_input"": null, ""verbose"": false}"
Flower_rat,one_sqft,0418_single_date,Ridge,2,1,23,10,102,10,0418_r0p172_B1_median;0418_r0p172_B3_p25;0418_r0p172_ND_B1_B5_mean;0418_r0p172_ND_B1_B5_median;0418_r0p172_ND_B1_B6_median;0418_r0p172_ND_B2_B4_median;0418_r0p172_ND_B3_B6_median;0418_r0p172_RVI_mean;0418_r0p172_NDVI_median;0418_r0p172_RVI_median,"{""memory"": null, ""steps"": [[""imputer"", ""SimpleImputer(strategy='median')""], [""selector"", ""SelectKBest(score_func=<function f_regression at 0x78c99b936290>)""], [""scaler"", ""StandardScaler()""], [""model"", ""Ridge(alpha=10.0)""]], ""transform_input"": null, ""verbose"": false}"
Flower_rat,one_sqft,0418_single_date,Ridge,3,2,26,7,102,10,0418_r0p172_B1_std;0418_r0p172_B2_std;0418_r0p172_B2_max;0418_r0p172_B4_std;0418_r0p172_B4_max;0418_r0p172_B5_std;0418_r0p172_B6_std;0418_r0p172_ND_B1_B2_mean;0418_r0p172_ND_B2_B3_mean;0418_r0p172_ND_B1_B2_median,"{""memory"": null, ""steps"": [[""imputer"", ""SimpleImputer(strategy='median')""], [""selector"", ""SelectKBest(score_func=<function f_regression at 0x78c99b936290>)""], [""scaler"", ""StandardScaler()""], [""model"", ""Ridge(alpha=10.0)""]], ""transform_input"": null, ""verbose"": false}"
Flower_rat,one_sqft,0418_single_date,Ridge,4,3,25,8,102,10,0418_r0p172_B1_std;0418_r0p172_B1_max;0418_r0p172_B2_std;0418_r0p172_B2_max;0418_r0p172_B2_p75;0418_r0p172_B4_std;0418_r0p172_B4_max;0418_r0p172_B4_p75;0418_r0p172_B5_max;0418_r0p172_ND_B1_B2_median,"{""memory"": null, ""steps"": [[""imputer"", ""SimpleImputer(strategy='median')""], [""selector"", ""SelectKBest(score_func=<function f_regression at 0x78c99b936290>)""], [""scaler"", ""StandardScaler()""], [""model"", ""Ridge(alpha=10.0)""]], ""transform_input"": null, ""verbose"": false}"
Flower_rat,one_sqft,0418_single_date,Ridge,5,4,27,6,102,10,0418_r0p172_B1_std;0418_r0p172_B2_std;0418_r0p172_B2_max;0418_r0p172_B2_p75;0418_r0p172_B4_std;0418_r0p172_B4_max;0418_r0p172_B4_p75;0418_r0p172_B5_max;0418_r0p172_B6_max;0418_r0p172_ND_B2_B3_mean,"{""memory"": null, ""steps"": [[""imputer"", ""SimpleImputer(strategy='median')""], [""selector"", ""SelectKBest(score_func=<function f_regression at 0x78c99b936290>)""], [""scaler"", ""StandardScaler()""], [""model"", ""Ridge(alpha=10.0)""]], ""transform_input"": null, ""verbose"": false}"
Flower_rat,one_sqft,change_only,Ridge,1,0,31,2,174,10,diff_r0p172_ND_B4_B5_median;diff_r0p172_DVI_mean;ratio_r0p172_DVI_mean;rel_r0p172_DVI_mean;ratio_r0p172_RVI_median;rel_r0p172_RVI_median;ratio_r0p172_EVI_median;rel_r0p172_EVI_median;ratio_r0p172_CI_RE1_median;rel_r0p172_CI_RE1_median,"{""memory"": null, ""steps"": [[""imputer"", ""SimpleImputer(strategy='median')""], [""selector"", ""SelectKBest(score_func=<function f_regression at 0x78c99b936290>)""], [""scaler"", ""StandardScaler()""], [""model"", ""Ridge(alpha=10.0)""]], ""transform_input"": null, ""verbose"": false}"
Flower_rat,one_sqft,change_only,Ridge,2,1,23,10,174,10,diff_r0p172_B6_mean;ratio_r0p172_B6_mean;rel_r0p172_B6_mean;diff_r0p172_B6_p25;diff_r0p172_DVI_mean;ratio_r0p172_DVI_mean;rel_r0p172_DVI_mean;diff_r0p172_DVI_median;ratio_r0p172_DVI_median;rel_r0p172_DVI_median,"{""memory"": null, ""steps"": [[""imputer"", ""SimpleImputer(strategy='median')""], [""selector"", ""SelectKBest(score_func=<function f_regression at 0x78c99b936290>)""], [""scaler"", ""StandardScaler()""], [""model"", ""Ridge(alpha=10.0)""]], ""transform_input"": null, ""verbose"": false}"
Flower_rat,one_sqft,change_only,Ridge,3,2,26,7,174,10,diff_r0p172_ND_B4_B5_median;diff_r0p172_DVI_mean;ratio_r0p172_DVI_mean;rel_r0p172_DVI_mean;rel_r0p172_RVI_median;diff_r0p172_DVI_median;ratio_r0p172_DVI_median;rel_r0p172_DVI_median;ratio_r0p172_CI_RE1_median;rel_r0p172_CI_RE1_median,"{""memory"": null, ""steps"": [[""imputer"", ""SimpleImputer(strategy='median')""], [""selector"", ""SelectKBest(score_func=<function f_regression at 0x78c99b936290>)""], [""scaler"", ""StandardScaler()""], [""model"", ""Ridge(alpha=10.0)""]], ""transform_input"": null, ""verbose"": false}"
Flower_rat,one_sqft,change_only,Ridge,4,3,25,8,174,10,diff_r0p172_ND_B2_B5_median;diff_r0p172_ND_B2_B6_median;rel_r0p172_RVI_mean;diff_r0p172_GNDVI_median;ratio_r0p172_GNDVI_median;rel_r0p172_GNDVI_median;ratio_r0p172_RVI_median;rel_r0p172_RVI_median;ratio_r0p172_CI_RE1_median;rel_r0p172_CI_RE1_median,"{""memory"": null, ""steps"": [[""imputer"", ""SimpleImputer(strategy='median')""], [""selector"", ""SelectKBest(score_func=<function f_regression at 0x78c99b936290>)""], [""scaler"", ""StandardScaler()""], [""model"", ""Ridge(alpha=10.0)""]], ""transform_input"": null, ""verbose"": false}"
Flower_rat,one_sqft,change_only,Ridge,5,4,27,6,174,10,diff_r0p172_ND_B4_B5_median;ratio_r0p172_NDRE1_median;rel_r0p172_NDRE1_median;ratio_r0p172_RVI_median;rel_r0p172_RVI_median;diff_r0p172_EVI_median;ratio_r0p172_EVI_median;rel_r0p172_EVI_median;ratio_r0p172_CI_RE1_median;rel_r0p172_CI_RE1_median,"{""memory"": null, ""steps"": [[""imputer"", ""SimpleImputer(strategy='median')""], [""selector"", ""SelectKBest(score_func=<function f_regression at 0x78c99b936290>)""], [""scaler"", ""StandardScaler()""], [""model"", ""Ridge(alpha=10.0)""]], ""transform_input"": null, ""verbose"": false}"
Flower_rat,one_sqft,all_features,Ridge,1,0,31,2,378,10,0510_r0p172_ND_B1_B3_median;0510_r0p172_ND_B2_B3_median;diff_r0p172_ND_B4_B5_median;diff_r0p172_DVI_mean;ratio_r0p172_DVI_mean;rel_r0p172_DVI_mean;0510_r0p172_RVI_median;0510_r0p172_EVI_median;ratio_r0p172_RVI_median;rel_r0p172_RVI_median,"{""memory"": null, ""steps"": [[""imputer"", ""SimpleImputer(strategy='median')""], [""selector"", ""SelectKBest(score_func=<function f_regression at 0x78c99b936290>)""], [""scaler"", ""StandardScaler()""], [""model"", ""Ridge(alpha=10.0)""]], ""transform_input"": null, ""verbose"": false}"
Flower_rat,one_sqft,all_features,Ridge,2,1,23,10,378,10,diff_r0p172_B6_mean;0510_r0p172_ND_B2_B3_mean;0510_r0p172_ND_B1_B3_median;0510_r0p172_ND_B2_B3_median;diff_r0p172_DVI_mean;ratio_r0p172_DVI_mean;rel_r0p172_DVI_mean;diff_r0p172_DVI_median;ratio_r0p172_DVI_median;rel_r0p172_DVI_median,"{""memory"": null, ""steps"": [[""imputer"", ""SimpleImputer(strategy='median')""], [""selector"", ""SelectKBest(score_func=<function f_regression at 0x78c99b936290>)""], [""scaler"", ""StandardScaler()""], [""model"", ""Ridge(alpha=10.0)""]], ""transform_input"": null, ""verbose"": false}"
Flower_rat,one_sqft,all_features,Ridge,3,2,26,7,378,10,0510_r0p172_ND_B1_B3_median;diff_r0p172_ND_B4_B5_median;diff_r0p172_DVI_mean;ratio_r0p172_DVI_mean;rel_r0p172_DVI_mean;diff_r0p172_DVI_median;ratio_r0p172_DVI_median;rel_r0p172_DVI_median;ratio_r0p172_CI_RE1_median;rel_r0p172_CI_RE1_median,"{""memory"": null, ""steps"": [[""imputer"", ""SimpleImputer(strategy='median')""], [""selector"", ""SelectKBest(score_func=<function f_regression at 0x78c99b936290>)""], [""scaler"", ""StandardScaler()""], [""model"", ""Ridge(alpha=10.0)""]], ""transform_input"": null, ""verbose"": false}"
Flower_rat,one_sqft,all_features,Ridge,4,3,25,8,378,10,0510_r0p172_ND_B2_B4_median;diff_r0p172_ND_B2_B5_median;diff_r0p172_ND_B2_B6_median;diff_r0p172_GNDVI_median;ratio_r0p172_GNDVI_median;rel_r0p172_GNDVI_median;ratio_r0p172_RVI_median;rel_r0p172_RVI_median;ratio_r0p172_CI_RE1_median;rel_r0p172_CI_RE1_median,"{""memory"": null, ""steps"": [[""imputer"", ""SimpleImputer(strategy='median')""], [""selector"", ""SelectKBest(score_func=<function f_regression at 0x78c99b936290>)""], [""scaler"", ""StandardScaler()""], [""model"", ""Ridge(alpha=10.0)""]], ""transform_input"": null, ""verbose"": false}"
Flower_rat,one_sqft,all_features,Ridge,5,4,27,6,378,10,0510_r0p172_ND_B1_B3_mean;0510_r0p172_ND_B1_B3_median;0510_r0p172_ND_B2_B3_median;0510_r0p172_ND_B4_B5_median;diff_r0p172_ND_B4_B5_median;0510_r0p172_RVI_median;0510_r0p172_EVI_median;ratio_r0p172_RVI_median;rel_r0p172_RVI_median;rel_r0p172_EVI_median,"{""memory"": null, ""steps"": [[""imputer"", ""SimpleImputer(strategy='median')""], [""selector"", ""SelectKBest(score_func=<function f_regression at 0x78c99b936290>)""], [""scaler"", ""StandardScaler()""], [""model"", ""Ridge(alpha=10.0)""]], ""transform_input"": null, ""verbose"": false}"
Flower_rat,one_sqft,0510_single_date,SingleFeatureLinear,1,0,31,2,102,1,0510_r0p172_ND_B1_B3_median,"{""memory"": null, ""steps"": [[""imputer"", ""SimpleImputer(strategy='median')""], [""selector"", ""SelectKBest(k=1, score_func=<function f_regression at 0x78c99b936290>)""], [""scaler"", ""StandardScaler()""], [""model"", ""LinearRegression()""]], ""transform_input"": null, ""verbose"": false}"
Flower_rat,one_sqft,0510_single_date,SingleFeatureLinear,2,1,23,10,102,1,0510_r0p172_ND_B2_B3_median,"{""memory"": null, ""steps"": [[""imputer"", ""SimpleImputer(strategy='median')""], [""selector"", ""SelectKBest(k=1, score_func=<function f_regression at 0x78c99b936290>)""], [""scaler"", ""StandardScaler()""], [""model"", ""LinearRegression()""]], ""transform_input"": null, ""verbose"": false}"
Flower_rat,one_sqft,0510_single_date,SingleFeatureLinear,3,2,26,7,102,1,0510_r0p172_ND_B1_B3_median,"{""memory"": null, ""steps"": [[""imputer"", ""SimpleImputer(strategy='median')""], [""selector"", ""SelectKBest(k=1, score_func=<function f_regression at 0x78c99b936290>)""], [""scaler"", ""StandardScaler()""], [""model"", ""LinearRegression()""]], ""transform_input"": null, ""verbose"": false}"
Flower_rat,one_sqft,0510_single_date,SingleFeatureLinear,4,3,25,8,102,1,0510_r0p172_ND_B2_B4_median,"{""memory"": null, ""steps"": [[""imputer"", ""SimpleImputer(strategy='median')""], [""selector"", ""SelectKBest(k=1, score_func=<function f_regression at 0x78c99b936290>)""], [""scaler"", ""StandardScaler()""], [""model"", ""LinearRegression()""]], ""transform_input"": null, ""verbose"": false}"
Flower_rat,one_sqft,0510_single_date,SingleFeatureLinear,5,4,27,6,102,1,0510_r0p172_ND_B1_B3_median,"{""memory"": null, ""steps"": [[""imputer"", ""SimpleImputer(strategy='median')""], [""selector"", ""SelectKBest(k=1, score_func=<function f_regression at 0x78c99b936290>)""], [""scaler"", ""StandardScaler()""], [""model"", ""LinearRegression()""]], ""transform_input"": null, ""verbose"": false}"
Flower_rat,one_sqft,0510_single_date,ElasticNet,1,0,31,2,102,10,0510_r0p172_ND_B1_B3_mean;0510_r0p172_ND_B2_B3_mean;0510_r0p172_ND_B1_B3_median;0510_r0p172_ND_B2_B3_median;0510_r0p172_ND_B3_B4_median;0510_r0p172_ND_B4_B5_median;0510_r0p172_RENDVI1_median;0510_r0p172_RENDVI2_median;0510_r0p172_RVI_median;0510_r0p172_EVI_median,"{""memory"": null, ""steps"": [[""imputer"", ""SimpleImputer(strategy='median')""], [""selector"", ""SelectKBest(score_func=<function f_regression at 0x78c99b936290>)""], [""scaler"", ""StandardScaler()""], [""model"", ""ElasticNet(max_iter=20000, random_state=20260805)""]], ""transform_input"": null, ""verbose"": false}"
Flower_rat,one_sqft,0510_single_date,ElasticNet,2,1,23,10,102,10,0510_r0p172_ND_B1_B3_mean;0510_r0p172_ND_B2_B3_mean;0510_r0p172_ND_B1_B3_median;0510_r0p172_ND_B2_B3_median;0510_r0p172_ND_B3_B4_median;0510_r0p172_EVI_mean;0510_r0p172_RENDVI1_median;0510_r0p172_RENDVI2_median;0510_r0p172_RVI_median;0510_r0p172_EVI_median,"{""memory"": null, ""steps"": [[""imputer"", ""SimpleImputer(strategy='median')""], [""selector"", ""SelectKBest(score_func=<function f_regression at 0x78c99b936290>)""], [""scaler"", ""StandardScaler()""], [""model"", ""ElasticNet(max_iter=20000, random_state=20260805)""]], ""transform_input"": null, ""verbose"": false}"
Flower_rat,one_sqft,0510_single_date,ElasticNet,3,2,26,7,102,10,0510_r0p172_ND_B1_B3_mean;0510_r0p172_ND_B2_B3_mean;0510_r0p172_ND_B1_B3_median;0510_r0p172_ND_B3_B4_median;0510_r0p172_ND_B3_B5_median;0510_r0p172_ND_B4_B5_median;0510_r0p172_RENDVI1_median;0510_r0p172_RENDVI2_median;0510_r0p172_RVI_median;0510_r0p172_EVI_median,"{""memory"": null, ""steps"": [[""imputer"", ""SimpleImputer(strategy='median')""], [""selector"", ""SelectKBest(score_func=<function f_regression at 0x78c99b936290>)""], [""scaler"", ""StandardScaler()""], [""model"", ""ElasticNet(max_iter=20000, random_state=20260805)""]], ""transform_input"": null, ""verbose"": false}"
Flower_rat,one_sqft,0510_single_date,ElasticNet,4,3,25,8,102,10,0510_r0p172_ND_B1_B3_median;0510_r0p172_ND_B2_B4_median;0510_r0p172_ND_B2_B5_median;0510_r0p172_ND_B2_B6_median;0510_r0p172_ND_B4_B5_median;0510_r0p172_RVI_mean;0510_r0p172_CI_RE1_mean;0510_r0p172_GNDVI_median;0510_r0p172_RVI_median;0510_r0p172_CI_RE1_median,"{""memory"": null, ""steps"": [[""imputer"", ""SimpleImputer(strategy='median')""], [""selector"", ""SelectKBest(score_func=<function f_regression at 0x78c99b936290>)""], [""scaler"", ""StandardScaler()""], [""model"", ""ElasticNet(max_iter=20000, random_state=20260805)""]], ""transform_input"": null, ""verbose"": false}"
Flower_rat,one_sqft,0510_single_date,ElasticNet,5,4,27,6,102,10,0510_r0p172_ND_B1_B3_mean;0510_r0p172_ND_B2_B3_mean;0510_r0p172_ND_B1_B3_median;0510_r0p172_ND_B2_B3_median;0510_r0p172_ND_B3_B4_median;0510_r0p172_ND_B4_B5_median;0510_r0p172_RENDVI1_median;0510_r0p172_RENDVI2_median;0510_r0p172_RVI_median;0510_r0p172_EVI_median,"{""memory"": null, ""steps"": [[""imputer"", ""SimpleImputer(strategy='median')""], [""selector"", ""SelectKBest(score_func=<function f_regression at 0x78c99b936290>)""], [""scaler"", ""StandardScaler()""], [""model"", ""ElasticNet(max_iter=20000, random_state=20260805)""]], ""transform_input"": null, ""verbose"": false}"
Flower_rat,one_sqft,0510_single_date,PLS,1,0,31,2,102,10,0510_r0p172_ND_B1_B3_mean;0510_r0p172_ND_B2_B3_mean;0510_r0p172_ND_B1_B3_median;0510_r0p172_ND_B2_B3_median;0510_r0p172_ND_B3_B4_median;0510_r0p172_ND_B4_B5_median;0510_r0p172_RENDVI1_median;0510_r0p172_RENDVI2_median;0510_r0p172_RVI_median;0510_r0p172_EVI_median,"{""memory"": null, ""steps"": [[""imputer"", ""SimpleImputer(strategy='median')""], [""selector"", ""SelectKBest(score_func=<function f_regression at 0x78c99b936290>)""], [""scaler"", ""StandardScaler()""], [""model"", ""PLSRegression(n_components=1)""]], ""transform_input"": null, ""verbose"": false}"
Flower_rat,one_sqft,0510_single_date,PLS,2,1,23,10,102,10,0510_r0p172_ND_B1_B3_mean;0510_r0p172_ND_B2_B3_mean;0510_r0p172_ND_B1_B3_median;0510_r0p172_ND_B2_B3_median;0510_r0p172_ND_B3_B4_median;0510_r0p172_EVI_mean;0510_r0p172_RENDVI1_median;0510_r0p172_RENDVI2_median;0510_r0p172_RVI_median;0510_r0p172_EVI_median,"{""memory"": null, ""steps"": [[""imputer"", ""SimpleImputer(strategy='median')""], [""selector"", ""SelectKBest(score_func=<function f_regression at 0x78c99b936290>)""], [""scaler"", ""StandardScaler()""], [""model"", ""PLSRegression(n_components=1)""]], ""transform_input"": null, ""verbose"": false}"
Flower_rat,one_sqft,0510_single_date,PLS,3,2,26,7,102,10,0510_r0p172_ND_B1_B3_mean;0510_r0p172_ND_B2_B3_mean;0510_r0p172_ND_B1_B3_median;0510_r0p172_ND_B3_B4_median;0510_r0p172_ND_B3_B5_median;0510_r0p172_ND_B4_B5_median;0510_r0p172_RENDVI1_median;0510_r0p172_RENDVI2_median;0510_r0p172_RVI_median;0510_r0p172_EVI_median,"{""memory"": null, ""steps"": [[""imputer"", ""SimpleImputer(strategy='median')""], [""selector"", ""SelectKBest(score_func=<function f_regression at 0x78c99b936290>)""], [""scaler"", ""StandardScaler()""], [""model"", ""PLSRegression(n_components=1)""]], ""transform_input"": null, ""verbose"": false}"
Flower_rat,one_sqft,0510_single_date,PLS,4,3,25,8,102,10,0510_r0p172_ND_B1_B3_median;0510_r0p172_ND_B2_B4_median;0510_r0p172_ND_B2_B5_median;0510_r0p172_ND_B2_B6_median;0510_r0p172_ND_B4_B5_median;0510_r0p172_RVI_mean;0510_r0p172_CI_RE1_mean;0510_r0p172_GNDVI_median;0510_r0p172_RVI_median;0510_r0p172_CI_RE1_median,"{""memory"": null, ""steps"": [[""imputer"", ""SimpleImputer(strategy='median')""], [""selector"", ""SelectKBest(score_func=<function f_regression at 0x78c99b936290>)""], [""scaler"", ""StandardScaler()""], [""model"", ""PLSRegression(n_components=1)""]], ""transform_input"": null, ""verbose"": false}"
Flower_rat,one_sqft,0510_single_date,PLS,5,4,27,6,102,10,0510_r0p172_ND_B1_B3_mean;0510_r0p172_ND_B2_B3_mean;0510_r0p172_ND_B1_B3_median;0510_r0p172_ND_B2_B3_median;0510_r0p172_ND_B3_B4_median;0510_r0p172_ND_B4_B5_median;0510_r0p172_RENDVI1_median;0510_r0p172_RENDVI2_median;0510_r0p172_RVI_median;0510_r0p172_EVI_median,"{""memory"": null, ""steps"": [[""imputer"", ""SimpleImputer(strategy='median')""], [""selector"", ""SelectKBest(score_func=<function f_regression at 0x78c99b936290>)""], [""scaler"", ""StandardScaler()""], [""model"", ""PLSRegression(n_components=1)""]], ""transform_input"": null, ""verbose"": false}"
Flower_rat,one_sqft,0510_single_date,RandomForest,1,0,31,2,102,10,0510_r0p172_ND_B1_B3_mean;0510_r0p172_ND_B2_B3_mean;0510_r0p172_ND_B1_B3_median;0510_r0p172_ND_B2_B3_median;0510_r0p172_ND_B3_B4_median;0510_r0p172_ND_B4_B5_median;0510_r0p172_RENDVI1_median;0510_r0p172_RENDVI2_median;0510_r0p172_RVI_median;0510_r0p172_EVI_median,"{""memory"": null, ""steps"": [[""imputer"", ""SimpleImputer(strategy='median')""], [""selector"", ""SelectKBest(score_func=<function f_regression at 0x78c99b936290>)""], [""model"", ""RandomForestRegressor(max_features='sqrt', min_samples_leaf=3, n_estimators=300,\n                      n_jobs=-1, random_state=20260805)""]], ""transform_input"": null, ""verbose"": false}"
Flower_rat,one_sqft,0510_single_date,RandomForest,2,1,23,10,102,10,0510_r0p172_ND_B1_B3_mean;0510_r0p172_ND_B2_B3_mean;0510_r0p172_ND_B1_B3_median;0510_r0p172_ND_B2_B3_median;0510_r0p172_ND_B3_B4_median;0510_r0p172_EVI_mean;0510_r0p172_RENDVI1_median;0510_r0p172_RENDVI2_median;0510_r0p172_RVI_median;0510_r0p172_EVI_median,"{""memory"": null, ""steps"": [[""imputer"", ""SimpleImputer(strategy='median')""], [""selector"", ""SelectKBest(score_func=<function f_regression at 0x78c99b936290>)""], [""model"", ""RandomForestRegressor(max_features='sqrt', min_samples_leaf=3, n_estimators=300,\n                      n_jobs=-1, random_state=20260805)""]], ""transform_input"": null, ""verbose"": false}"
Flower_rat,one_sqft,0510_single_date,RandomForest,3,2,26,7,102,10,0510_r0p172_ND_B1_B3_mean;0510_r0p172_ND_B2_B3_mean;0510_r0p172_ND_B1_B3_median;0510_r0p172_ND_B3_B4_median;0510_r0p172_ND_B3_B5_median;0510_r0p172_ND_B4_B5_median;0510_r0p172_RENDVI1_median;0510_r0p172_RENDVI2_median;0510_r0p172_RVI_median;0510_r0p172_EVI_median,"{""memory"": null, ""steps"": [[""imputer"", ""SimpleImputer(strategy='median')""], [""selector"", ""SelectKBest(score_func=<function f_regression at 0x78c99b936290>)""], [""model"", ""RandomForestRegressor(max_features='sqrt', min_samples_leaf=3, n_estimators=300,\n                      n_jobs=-1, random_state=20260805)""]], ""transform_input"": null, ""verbose"": false}"
Flower_rat,one_sqft,0510_single_date,RandomForest,4,3,25,8,102,10,0510_r0p172_ND_B1_B3_median;0510_r0p172_ND_B2_B4_median;0510_r0p172_ND_B2_B5_median;0510_r0p172_ND_B2_B6_median;0510_r0p172_ND_B4_B5_median;0510_r0p172_RVI_mean;0510_r0p172_CI_RE1_mean;0510_r0p172_GNDVI_median;0510_r0p172_RVI_median;0510_r0p172_CI_RE1_median,"{""memory"": null, ""steps"": [[""imputer"", ""SimpleImputer(strategy='median')""], [""selector"", ""SelectKBest(score_func=<function f_regression at 0x78c99b936290>)""], [""model"", ""RandomForestRegressor(max_features='sqrt', min_samples_leaf=3, n_estimators=300,\n                      n_jobs=-1, random_state=20260805)""]], ""transform_input"": null, ""verbose"": false}"
Flower_rat,one_sqft,0510_single_date,RandomForest,5,4,27,6,102,10,0510_r0p172_ND_B1_B3_mean;0510_r0p172_ND_B2_B3_mean;0510_r0p172_ND_B1_B3_median;0510_r0p172_ND_B2_B3_median;0510_r0p172_ND_B3_B4_median;0510_r0p172_ND_B4_B5_median;0510_r0p172_RENDVI1_median;0510_r0p172_RENDVI2_median;0510_r0p172_RVI_median;0510_r0p172_EVI_median,"{""memory"": null, ""steps"": [[""imputer"", ""SimpleImputer(strategy='median')""], [""selector"", ""SelectKBest(score_func=<function f_regression at 0x78c99b936290>)""], [""model"", ""RandomForestRegressor(max_features='sqrt', min_samples_leaf=3, n_estimators=300,\n                      n_jobs=-1, random_state=20260805)""]], ""transform_input"": null, ""verbose"": false}"
Flower_rat,one_sqft,all_features,RandomForest,1,0,31,2,378,10,0510_r0p172_ND_B1_B3_median;0510_r0p172_ND_B2_B3_median;diff_r0p172_ND_B4_B5_median;diff_r0p172_DVI_mean;ratio_r0p172_DVI_mean;rel_r0p172_DVI_mean;0510_r0p172_RVI_median;0510_r0p172_EVI_median;ratio_r0p172_RVI_median;rel_r0p172_RVI_median,"{""memory"": null, ""steps"": [[""imputer"", ""SimpleImputer(strategy='median')""], [""selector"", ""SelectKBest(score_func=<function f_regression at 0x78c99b936290>)""], [""model"", ""RandomForestRegressor(max_features='sqrt', min_samples_leaf=3, n_estimators=300,\n                      n_jobs=-1, random_state=20260805)""]], ""transform_input"": null, ""verbose"": false}"
Flower_rat,one_sqft,all_features,RandomForest,2,1,23,10,378,10,diff_r0p172_B6_mean;0510_r0p172_ND_B2_B3_mean;0510_r0p172_ND_B1_B3_median;0510_r0p172_ND_B2_B3_median;diff_r0p172_DVI_mean;ratio_r0p172_DVI_mean;rel_r0p172_DVI_mean;diff_r0p172_DVI_median;ratio_r0p172_DVI_median;rel_r0p172_DVI_median,"{""memory"": null, ""steps"": [[""imputer"", ""SimpleImputer(strategy='median')""], [""selector"", ""SelectKBest(score_func=<function f_regression at 0x78c99b936290>)""], [""model"", ""RandomForestRegressor(max_features='sqrt', min_samples_leaf=3, n_estimators=300,\n                      n_jobs=-1, random_state=20260805)""]], ""transform_input"": null, ""verbose"": false}"
Flower_rat,one_sqft,all_features,RandomForest,3,2,26,7,378,10,0510_r0p172_ND_B1_B3_median;diff_r0p172_ND_B4_B5_median;diff_r0p172_DVI_mean;ratio_r0p172_DVI_mean;rel_r0p172_DVI_mean;diff_r0p172_DVI_median;ratio_r0p172_DVI_median;rel_r0p172_DVI_median;ratio_r0p172_CI_RE1_median;rel_r0p172_CI_RE1_median,"{""memory"": null, ""steps"": [[""imputer"", ""SimpleImputer(strategy='median')""], [""selector"", ""SelectKBest(score_func=<function f_regression at 0x78c99b936290>)""], [""model"", ""RandomForestRegressor(max_features='sqrt', min_samples_leaf=3, n_estimators=300,\n                      n_jobs=-1, random_state=20260805)""]], ""transform_input"": null, ""verbose"": false}"
Flower_rat,one_sqft,all_features,RandomForest,4,3,25,8,378,10,0510_r0p172_ND_B2_B4_median;diff_r0p172_ND_B2_B5_median;diff_r0p172_ND_B2_B6_median;diff_r0p172_GNDVI_median;ratio_r0p172_GNDVI_median;rel_r0p172_GNDVI_median;ratio_r0p172_RVI_median;rel_r0p172_RVI_median;ratio_r0p172_CI_RE1_median;rel_r0p172_CI_RE1_median,"{""memory"": null, ""steps"": [[""imputer"", ""SimpleImputer(strategy='median')""], [""selector"", ""SelectKBest(score_func=<function f_regression at 0x78c99b936290>)""], [""model"", ""RandomForestRegressor(max_features='sqrt', min_samples_leaf=3, n_estimators=300,\n                      n_jobs=-1, random_state=20260805)""]], ""transform_input"": null, ""verbose"": false}"
Flower_rat,one_sqft,all_features,RandomForest,5,4,27,6,378,10,0510_r0p172_ND_B1_B3_mean;0510_r0p172_ND_B1_B3_median;0510_r0p172_ND_B2_B3_median;0510_r0p172_ND_B4_B5_median;diff_r0p172_ND_B4_B5_median;0510_r0p172_RVI_median;0510_r0p172_EVI_median;ratio_r0p172_RVI_median;rel_r0p172_RVI_median;rel_r0p172_EVI_median,"{""memory"": null, ""steps"": [[""imputer"", ""SimpleImputer(strategy='median')""], [""selector"", ""SelectKBest(score_func=<function f_regression at 0x78c99b936290>)""], [""model"", ""RandomForestRegressor(max_features='sqrt', min_samples_leaf=3, n_estimators=300,\n                      n_jobs=-1, random_state=20260805)""]], ""transform_input"": null, ""verbose"": false}"
Flower_rat,r0p3,all_features,DummyMean,1,0,31,2,378,0,,"{""memory"": null, ""steps"": [[""imputer"", ""SimpleImputer(strategy='median')""], [""model"", ""DummyRegressor()""]], ""transform_input"": null, ""verbose"": false}"
Flower_rat,r0p3,all_features,DummyMean,2,1,23,10,378,0,,"{""memory"": null, ""steps"": [[""imputer"", ""SimpleImputer(strategy='median')""], [""model"", ""DummyRegressor()""]], ""transform_input"": null, ""verbose"": false}"
Flower_rat,r0p3,all_features,DummyMean,3,2,26,7,378,0,,"{""memory"": null, ""steps"": [[""imputer"", ""SimpleImputer(strategy='median')""], [""model"", ""DummyRegressor()""]], ""transform_input"": null, ""verbose"": false}"
Flower_rat,r0p3,all_features,DummyMean,4,3,25,8,378,0,,"{""memory"": null, ""steps"": [[""imputer"", ""SimpleImputer(strategy='median')""], [""model"", ""DummyRegressor()""]], ""transform_input"": null, ""verbose"": false}"
Flower_rat,r0p3,all_features,DummyMean,5,4,27,6,378,0,,"{""memory"": null, ""steps"": [[""imputer"", ""SimpleImputer(strategy='median')""], [""model"", ""DummyRegressor()""]], ""transform_input"": null, ""verbose"": false}"
Flower_rat,r0p3,0510_single_date,Ridge,1,0,31,2,102,10,0510_r0p3_ND_B1_B3_mean;0510_r0p3_ND_B2_B3_mean;0510_r0p3_ND_B3_B4_mean;0510_r0p3_ND_B1_B3_median;0510_r0p3_ND_B2_B3_median;0510_r0p3_RENDVI1_mean;0510_r0p3_RVI_mean;0510_r0p3_EVI_mean;0510_r0p3_RVI_median;0510_r0p3_EVI_median,"{""memory"": null, ""steps"": [[""imputer"", ""SimpleImputer(strategy='median')""], [""selector"", ""SelectKBest(score_func=<function f_regression at 0x78c99b936290>)""], [""scaler"", ""StandardScaler()""], [""model"", ""Ridge(alpha=10.0)""]], ""transform_input"": null, ""verbose"": false}"
Flower_rat,r0p3,0510_single_date,Ridge,2,1,23,10,102,10,0510_r0p3_B6_p75;0510_r0p3_ND_B1_B3_mean;0510_r0p3_ND_B2_B3_mean;0510_r0p3_ND_B3_B4_mean;0510_r0p3_ND_B1_B3_median;0510_r0p3_ND_B2_B3_median;0510_r0p3_RENDVI1_mean;0510_r0p3_DVI_mean;0510_r0p3_EVI_mean;0510_r0p3_DVI_median,"{""memory"": null, ""steps"": [[""imputer"", ""SimpleImputer(strategy='median')""], [""selector"", ""SelectKBest(score_func=<function f_regression at 0x78c99b936290>)""], [""scaler"", ""StandardScaler()""], [""model"", ""Ridge(alpha=10.0)""]], ""transform_input"": null, ""verbose"": false}"
Flower_rat,r0p3,0510_single_date,Ridge,3,2,26,7,102,10,0510_r0p3_B6_p75;0510_r0p3_ND_B1_B3_mean;0510_r0p3_ND_B2_B3_mean;0510_r0p3_ND_B3_B4_mean;0510_r0p3_ND_B1_B3_median;0510_r0p3_ND_B2_B3_median;0510_r0p3_RENDVI1_mean;0510_r0p3_RVI_mean;0510_r0p3_EVI_mean;0510_r0p3_RVI_median,"{""memory"": null, ""steps"": [[""imputer"", ""SimpleImputer(strategy='median')""], [""selector"", ""SelectKBest(score_func=<function f_regression at 0x78c99b936290>)""], [""scaler"", ""StandardScaler()""], [""model"", ""Ridge(alpha=10.0)""]], ""transform_input"": null, ""verbose"": false}"
Flower_rat,r0p3,0510_single_date,Ridge,4,3,25,8,102,10,0510_r0p3_ND_B1_B3_mean;0510_r0p3_ND_B1_B3_median;0510_r0p3_ND_B4_B5_median;0510_r0p3_ND_B4_B6_median;0510_r0p3_RVI_mean;0510_r0p3_CI_RE1_mean;0510_r0p3_NDRE1_median;0510_r0p3_RVI_median;0510_r0p3_EVI_median;0510_r0p3_CI_RE1_median,"{""memory"": null, ""steps"": [[""imputer"", ""SimpleImputer(strategy='median')""], [""selector"", ""SelectKBest(score_func=<function f_regression at 0x78c99b936290>)""], [""scaler"", ""StandardScaler()""], [""model"", ""Ridge(alpha=10.0)""]], ""transform_input"": null, ""verbose"": false}"
Flower_rat,r0p3,0510_single_date,Ridge,5,4,27,6,102,10,0510_r0p3_B5_max;0510_r0p3_B6_max;0510_r0p3_B6_p75;0510_r0p3_ND_B1_B3_mean;0510_r0p3_ND_B2_B3_mean;0510_r0p3_ND_B1_B3_median;0510_r0p3_ND_B2_B3_median;0510_r0p3_RVI_mean;0510_r0p3_EVI_mean;0510_r0p3_RVI_median,"{""memory"": null, ""steps"": [[""imputer"", ""SimpleImputer(strategy='median')""], [""selector"", ""SelectKBest(score_func=<function f_regression at 0x78c99b936290>)""], [""scaler"", ""StandardScaler()""], [""model"", ""Ridge(alpha=10.0)""]], ""transform_input"": null, ""verbose"": false}"
Flower_rat,r0p3,0418_single_date,Ridge,1,0,31,2,102,10,0418_r0p3_B2_std;0418_r0p3_B2_max;0418_r0p3_B4_max;0418_r0p3_B4_p75;0418_r0p3_B5_max;0418_r0p3_B6_max;0418_r0p3_ND_B2_B3_mean;0418_r0p3_ND_B1_B4_median;0418_r0p3_ND_B3_B4_median;0418_r0p3_RENDVI1_median,"{""memory"": null, ""steps"": [[""imputer"", ""SimpleImputer(strategy='median')""], [""selector"", ""SelectKBest(score_func=<function f_regression at 0x78c99b936290>)""], [""scaler"", ""StandardScaler()""], [""model"", ""Ridge(alpha=10.0)""]], ""transform_input"": null, ""verbose"": false}"
Flower_rat,r0p3,0418_single_date,Ridge,2,1,23,10,102,10,0418_r0p3_B1_median;0418_r0p3_ND_B1_B5_mean;0418_r0p3_ND_B1_B5_median;0418_r0p3_ND_B2_B4_median;0418_r0p3_ND_B3_B5_median;0418_r0p3_ND_B3_B6_median;0418_r0p3_NDVI_median;0418_r0p3_RENDVI2_median;0418_r0p3_RVI_median;0418_r0p3_SAVI_median,"{""memory"": null, ""steps"": [[""imputer"", ""SimpleImputer(strategy='median')""], [""selector"", ""SelectKBest(score_func=<function f_regression at 0x78c99b936290>)""], [""scaler"", ""StandardScaler()""], [""model"", ""Ridge(alpha=10.0)""]], ""transform_input"": null, ""verbose"": false}"
Flower_rat,r0p3,0418_single_date,Ridge,3,2,26,7,102,10,0418_r0p3_B2_std;0418_r0p3_B2_max;0418_r0p3_B4_max;0418_r0p3_ND_B1_B2_mean;0418_r0p3_ND_B1_B4_mean;0418_r0p3_ND_B2_B3_mean;0418_r0p3_ND_B1_B2_median;0418_r0p3_ND_B1_B4_median;0418_r0p3_ND_B2_B3_median;0418_r0p3_RENDVI1_median,"{""memory"": null, ""steps"": [[""imputer"", ""SimpleImputer(strategy='median')""], [""selector"", ""SelectKBest(score_func=<function f_regression at 0x78c99b936290>)""], [""scaler"", ""StandardScaler()""], [""model"", ""Ridge(alpha=10.0)""]], ""transform_input"": null, ""verbose"": false}"
Flower_rat,r0p3,0418_single_date,Ridge,4,3,25,8,102,10,0418_r0p3_B1_max;0418_r0p3_B2_mean;0418_r0p3_B2_std;0418_r0p3_B2_max;0418_r0p3_B2_p75;0418_r0p3_B4_mean;0418_r0p3_B4_max;0418_r0p3_B4_p75;0418_r0p3_B5_max;0418_r0p3_ND_B1_B4_median,"{""memory"": null, ""steps"": [[""imputer"", ""SimpleImputer(strategy='median')""], [""selector"", ""SelectKBest(score_func=<function f_regression at 0x78c99b936290>)""], [""scaler"", ""StandardScaler()""], [""model"", ""Ridge(alpha=10.0)""]], ""transform_input"": null, ""verbose"": false}"
Flower_rat,r0p3,0418_single_date,Ridge,5,4,27,6,102,10,0418_r0p3_B2_max;0418_r0p3_B2_p75;0418_r0p3_B4_max;0418_r0p3_B4_p75;0418_r0p3_B5_max;0418_r0p3_B6_max;0418_r0p3_ND_B2_B3_mean;0418_r0p3_ND_B2_B3_median;0418_r0p3_ND_B3_B4_median;0418_r0p3_RENDVI1_median,"{""memory"": null, ""steps"": [[""imputer"", ""SimpleImputer(strategy='median')""], [""selector"", ""SelectKBest(score_func=<function f_regression at 0x78c99b936290>)""], [""scaler"", ""StandardScaler()""], [""model"", ""Ridge(alpha=10.0)""]], ""transform_input"": null, ""verbose"": false}"
Flower_rat,r0p3,change_only,Ridge,1,0,31,2,174,10,diff_r0p3_B6_mean;diff_r0p3_B6_p25;ratio_r0p3_B6_p25;rel_r0p3_B6_p25;diff_r0p3_DVI_mean;ratio_r0p3_DVI_mean;rel_r0p3_DVI_mean;diff_r0p3_DVI_median;ratio_r0p3_DVI_median;rel_r0p3_DVI_median,"{""memory"": null, ""steps"": [[""imputer"", ""SimpleImputer(strategy='median')""], [""selector"", ""SelectKBest(score_func=<function f_regression at 0x78c99b936290>)""], [""scaler"", ""StandardScaler()""], [""model"", ""Ridge(alpha=10.0)""]], ""transform_input"": null, ""verbose"": false}"
Flower_rat,r0p3,change_only,Ridge,2,1,23,10,174,10,diff_r0p3_B5_p25;ratio_r0p3_B5_p25;rel_r0p3_B5_p25;diff_r0p3_B6_p25;ratio_r0p3_B6_p25;rel_r0p3_B6_p25;diff_r0p3_DVI_mean;ratio_r0p3_DVI_mean;rel_r0p3_DVI_mean;rel_r0p3_DVI_median,"{""memory"": null, ""steps"": [[""imputer"", ""SimpleImputer(strategy='median')""], [""selector"", ""SelectKBest(score_func=<function f_regression at 0x78c99b936290>)""], [""scaler"", ""StandardScaler()""], [""model"", ""Ridge(alpha=10.0)""]], ""transform_input"": null, ""verbose"": false}"
Flower_rat,r0p3,change_only,Ridge,3,2,26,7,174,10,diff_r0p3_B6_mean;ratio_r0p3_B6_mean;rel_r0p3_B6_mean;diff_r0p3_B6_p25;ratio_r0p3_B6_p25;rel_r0p3_B6_p25;diff_r0p3_DVI_mean;ratio_r0p3_DVI_mean;rel_r0p3_DVI_mean;rel_r0p3_DVI_median,"{""memory"": null, ""steps"": [[""imputer"", ""SimpleImputer(strategy='median')""], [""selector"", ""SelectKBest(score_func=<function f_regression at 0x78c99b936290>)""], [""scaler"", ""StandardScaler()""], [""model"", ""Ridge(alpha=10.0)""]], ""transform_input"": null, ""verbose"": false}"
Flower_rat,r0p3,change_only,Ridge,4,3,25,8,174,10,diff_r0p3_ND_B4_B5_mean;diff_r0p3_ND_B4_B5_median;ratio_r0p3_RVI_mean;rel_r0p3_RVI_mean;ratio_r0p3_CI_RE1_mean;rel_r0p3_CI_RE1_mean;ratio_r0p3_RVI_median;rel_r0p3_RVI_median;ratio_r0p3_CI_RE1_median;rel_r0p3_CI_RE1_median,"{""memory"": null, ""steps"": [[""imputer"", ""SimpleImputer(strategy='median')""], [""selector"", ""SelectKBest(score_func=<function f_regression at 0x78c99b936290>)""], [""scaler"", ""StandardScaler()""], [""model"", ""Ridge(alpha=10.0)""]], ""transform_input"": null, ""verbose"": false}"
Flower_rat,r0p3,change_only,Ridge,5,4,27,6,174,10,rel_r0p3_B6_mean;diff_r0p3_DVI_mean;ratio_r0p3_DVI_mean;rel_r0p3_DVI_mean;ratio_r0p3_CI_RE1_mean;rel_r0p3_CI_RE1_mean;ratio_r0p3_NDRE1_median;rel_r0p3_NDRE1_median;ratio_r0p3_CI_RE1_median;rel_r0p3_CI_RE1_median,"{""memory"": null, ""steps"": [[""imputer"", ""SimpleImputer(strategy='median')""], [""selector"", ""SelectKBest(score_func=<function f_regression at 0x78c99b936290>)""], [""scaler"", ""StandardScaler()""], [""model"", ""Ridge(alpha=10.0)""]], ""transform_input"": null, ""verbose"": false}"
Flower_rat,r0p3,all_features,Ridge,1,0,31,2,378,10,diff_r0p3_B6_p25;ratio_r0p3_B6_p25;0510_r0p3_ND_B1_B3_mean;0510_r0p3_ND_B2_B3_mean;0510_r0p3_ND_B2_B3_median;diff_r0p3_DVI_mean;ratio_r0p3_DVI_mean;rel_r0p3_DVI_mean;ratio_r0p3_DVI_median;rel_r0p3_DVI_median,"{""memory"": null, ""steps"": [[""imputer"", ""SimpleImputer(strategy='median')""], [""selector"", ""SelectKBest(score_func=<function f_regression at 0x78c99b936290>)""], [""scaler"", ""StandardScaler()""], [""model"", ""Ridge(alpha=10.0)""]], ""transform_input"": null, ""verbose"": false}"
Flower_rat,r0p3,all_features,Ridge,2,1,23,10,378,10,diff_r0p3_B5_p25;ratio_r0p3_B5_p25;rel_r0p3_B5_p25;diff_r0p3_B6_p25;ratio_r0p3_B6_p25;rel_r0p3_B6_p25;diff_r0p3_DVI_mean;ratio_r0p3_DVI_mean;rel_r0p3_DVI_mean;rel_r0p3_DVI_median,"{""memory"": null, ""steps"": [[""imputer"", ""SimpleImputer(strategy='median')""], [""selector"", ""SelectKBest(score_func=<function f_regression at 0x78c99b936290>)""], [""scaler"", ""StandardScaler()""], [""model"", ""Ridge(alpha=10.0)""]], ""transform_input"": null, ""verbose"": false}"
Flower_rat,r0p3,all_features,Ridge,3,2,26,7,378,10,diff_r0p3_B6_mean;ratio_r0p3_B6_mean;rel_r0p3_B6_mean;diff_r0p3_B6_p25;ratio_r0p3_B6_p25;rel_r0p3_B6_p25;diff_r0p3_DVI_mean;ratio_r0p3_DVI_mean;rel_r0p3_DVI_mean;rel_r0p3_DVI_median,"{""memory"": null, ""steps"": [[""imputer"", ""SimpleImputer(strategy='median')""], [""selector"", ""SelectKBest(score_func=<function f_regression at 0x78c99b936290>)""], [""scaler"", ""StandardScaler()""], [""model"", ""Ridge(alpha=10.0)""]], ""transform_input"": null, ""verbose"": false}"
Flower_rat,r0p3,all_features,Ridge,4,3,25,8,378,10,diff_r0p3_ND_B4_B5_mean;diff_r0p3_ND_B4_B5_median;ratio_r0p3_RVI_mean;rel_r0p3_RVI_mean;ratio_r0p3_CI_RE1_mean;rel_r0p3_CI_RE1_mean;ratio_r0p3_RVI_median;rel_r0p3_RVI_median;ratio_r0p3_CI_RE1_median;rel_r0p3_CI_RE1_median,"{""memory"": null, ""steps"": [[""imputer"", ""SimpleImputer(strategy='median')""], [""selector"", ""SelectKBest(score_func=<function f_regression at 0x78c99b936290>)""], [""scaler"", ""StandardScaler()""], [""model"", ""Ridge(alpha=10.0)""]], ""transform_input"": null, ""verbose"": false}"
Flower_rat,r0p3,all_features,Ridge,5,4,27,6,378,10,0510_r0p3_B5_max;0510_r0p3_B6_max;0510_r0p3_B6_p75;0510_r0p3_ND_B1_B3_mean;0510_r0p3_ND_B2_B3_mean;0510_r0p3_ND_B1_B3_median;0510_r0p3_ND_B2_B3_median;diff_r0p3_DVI_mean;ratio_r0p3_DVI_mean;rel_r0p3_DVI_mean,"{""memory"": null, ""steps"": [[""imputer"", ""SimpleImputer(strategy='median')""], [""selector"", ""SelectKBest(score_func=<function f_regression at 0x78c99b936290>)""], [""scaler"", ""StandardScaler()""], [""model"", ""Ridge(alpha=10.0)""]], ""transform_input"": null, ""verbose"": false}"
Flower_rat,r0p3,0510_single_date,SingleFeatureLinear,1,0,31,2,102,1,0510_r0p3_ND_B2_B3_median,"{""memory"": null, ""steps"": [[""imputer"", ""SimpleImputer(strategy='median')""], [""selector"", ""SelectKBest(k=1, score_func=<function f_regression at 0x78c99b936290>)""], [""scaler"", ""StandardScaler()""], [""model"", ""LinearRegression()""]], ""transform_input"": null, ""verbose"": false}"
Flower_rat,r0p3,0510_single_date,SingleFeatureLinear,2,1,23,10,102,1,0510_r0p3_ND_B2_B3_mean,"{""memory"": null, ""steps"": [[""imputer"", ""SimpleImputer(strategy='median')""], [""selector"", ""SelectKBest(k=1, score_func=<function f_regression at 0x78c99b936290>)""], [""scaler"", ""StandardScaler()""], [""model"", ""LinearRegression()""]], ""transform_input"": null, ""verbose"": false}"
Flower_rat,r0p3,0510_single_date,SingleFeatureLinear,3,2,26,7,102,1,0510_r0p3_ND_B2_B3_mean,"{""memory"": null, ""steps"": [[""imputer"", ""SimpleImputer(strategy='median')""], [""selector"", ""SelectKBest(k=1, score_func=<function f_regression at 0x78c99b936290>)""], [""scaler"", ""StandardScaler()""], [""model"", ""LinearRegression()""]], ""transform_input"": null, ""verbose"": false}"
Flower_rat,r0p3,0510_single_date,SingleFeatureLinear,4,3,25,8,102,1,0510_r0p3_RVI_median,"{""memory"": null, ""steps"": [[""imputer"", ""SimpleImputer(strategy='median')""], [""selector"", ""SelectKBest(k=1, score_func=<function f_regression at 0x78c99b936290>)""], [""scaler"", ""StandardScaler()""], [""model"", ""LinearRegression()""]], ""transform_input"": null, ""verbose"": false}"
Flower_rat,r0p3,0510_single_date,SingleFeatureLinear,5,4,27,6,102,1,0510_r0p3_B5_max,"{""memory"": null, ""steps"": [[""imputer"", ""SimpleImputer(strategy='median')""], [""selector"", ""SelectKBest(k=1, score_func=<function f_regression at 0x78c99b936290>)""], [""scaler"", ""StandardScaler()""], [""model"", ""LinearRegression()""]], ""transform_input"": null, ""verbose"": false}"
Flower_rat,r0p5,all_features,DummyMean,1,0,31,2,378,0,,"{""memory"": null, ""steps"": [[""imputer"", ""SimpleImputer(strategy='median')""], [""model"", ""DummyRegressor()""]], ""transform_input"": null, ""verbose"": false}"
Flower_rat,r0p5,all_features,DummyMean,2,1,23,10,378,0,,"{""memory"": null, ""steps"": [[""imputer"", ""SimpleImputer(strategy='median')""], [""model"", ""DummyRegressor()""]], ""transform_input"": null, ""verbose"": false}"
Flower_rat,r0p5,all_features,DummyMean,3,2,26,7,378,0,,"{""memory"": null, ""steps"": [[""imputer"", ""SimpleImputer(strategy='median')""], [""model"", ""DummyRegressor()""]], ""transform_input"": null, ""verbose"": false}"
Flower_rat,r0p5,all_features,DummyMean,4,3,25,8,378,0,,"{""memory"": null, ""steps"": [[""imputer"", ""SimpleImputer(strategy='median')""], [""model"", ""DummyRegressor()""]], ""transform_input"": null, ""verbose"": false}"
Flower_rat,r0p5,all_features,DummyMean,5,4,27,6,378,0,,"{""memory"": null, ""steps"": [[""imputer"", ""SimpleImputer(strategy='median')""], [""model"", ""DummyRegressor()""]], ""transform_input"": null, ""verbose"": false}"
Flower_rat,r0p5,0510_single_date,Ridge,1,0,31,2,102,10,0510_r0p5_B6_mean;0510_r0p5_ND_B1_B3_mean;0510_r0p5_ND_B2_B3_mean;0510_r0p5_ND_B3_B4_mean;0510_r0p5_RENDVI1_mean;0510_r0p5_RVI_mean;0510_r0p5_DVI_mean;0510_r0p5_EVI_mean;0510_r0p5_RVI_median;0510_r0p5_DVI_median,"{""memory"": null, ""steps"": [[""imputer"", ""SimpleImputer(strategy='median')""], [""selector"", ""SelectKBest(score_func=<function f_regression at 0x78c99b936290>)""], [""scaler"", ""StandardScaler()""], [""model"", ""Ridge(alpha=10.0)""]], ""transform_input"": null, ""verbose"": false}"
Flower_rat,r0p5,0510_single_date,Ridge,2,1,23,10,102,10,0510_r0p5_B5_mean;0510_r0p5_B5_p25;0510_r0p5_B6_mean;0510_r0p5_B6_median;0510_r0p5_B6_p25;0510_r0p5_ND_B2_B3_mean;0510_r0p5_ND_B3_B4_mean;0510_r0p5_RENDVI1_mean;0510_r0p5_DVI_mean;0510_r0p5_DVI_median,"{""memory"": null, ""steps"": [[""imputer"", ""SimpleImputer(strategy='median')""], [""selector"", ""SelectKBest(score_func=<function f_regression at 0x78c99b936290>)""], [""scaler"", ""StandardScaler()""], [""model"", ""Ridge(alpha=10.0)""]], ""transform_input"": null, ""verbose"": false}"
Flower_rat,r0p5,0510_single_date,Ridge,3,2,26,7,102,10,0510_r0p5_B6_mean;0510_r0p5_ND_B1_B3_mean;0510_r0p5_ND_B2_B3_mean;0510_r0p5_ND_B3_B4_mean;0510_r0p5_RENDVI1_mean;0510_r0p5_RVI_mean;0510_r0p5_DVI_mean;0510_r0p5_EVI_mean;0510_r0p5_RVI_median;0510_r0p5_DVI_median,"{""memory"": null, ""steps"": [[""imputer"", ""SimpleImputer(strategy='median')""], [""selector"", ""SelectKBest(score_func=<function f_regression at 0x78c99b936290>)""], [""scaler"", ""StandardScaler()""], [""model"", ""Ridge(alpha=10.0)""]], ""transform_input"": null, ""verbose"": false}"
Flower_rat,r0p5,0510_single_date,Ridge,4,3,25,8,102,10,0510_r0p5_ND_B2_B5_median;0510_r0p5_ND_B2_B6_median;0510_r0p5_ND_B4_B5_median;0510_r0p5_ND_B4_B6_median;0510_r0p5_RVI_mean;0510_r0p5_CI_RE1_mean;0510_r0p5_GNDVI_median;0510_r0p5_NDRE1_median;0510_r0p5_RVI_median;0510_r0p5_CI_RE1_median,"{""memory"": null, ""steps"": [[""imputer"", ""SimpleImputer(strategy='median')""], [""selector"", ""SelectKBest(score_func=<function f_regression at 0x78c99b936290>)""], [""scaler"", ""StandardScaler()""], [""model"", ""Ridge(alpha=10.0)""]], ""transform_input"": null, ""verbose"": false}"
Flower_rat,r0p5,0510_single_date,Ridge,5,4,27,6,102,10,0510_r0p5_B5_max;0510_r0p5_B6_mean;0510_r0p5_B6_max;0510_r0p5_ND_B1_B3_mean;0510_r0p5_ND_B2_B3_mean;0510_r0p5_ND_B3_B4_mean;0510_r0p5_RENDVI1_mean;0510_r0p5_RVI_mean;0510_r0p5_DVI_mean;0510_r0p5_EVI_mean,"{""memory"": null, ""steps"": [[""imputer"", ""SimpleImputer(strategy='median')""], [""selector"", ""SelectKBest(score_func=<function f_regression at 0x78c99b936290>)""], [""scaler"", ""StandardScaler()""], [""model"", ""Ridge(alpha=10.0)""]], ""transform_input"": null, ""verbose"": false}"
Flower_rat,r0p5,0418_single_date,Ridge,1,0,31,2,102,10,0418_r0p5_B2_std;0418_r0p5_B2_p75;0418_r0p5_B4_median;0418_r0p5_B4_p75;0418_r0p5_B5_p75;0418_r0p5_B6_valid_count;0418_r0p5_ND_B2_B3_mean;0418_r0p5_ND_B1_B4_median;0418_r0p5_ND_B3_B4_median;0418_r0p5_RENDVI1_median,"{""memory"": null, ""steps"": [[""imputer"", ""SimpleImputer(strategy='median')""], [""selector"", ""SelectKBest(score_func=<function f_regression at 0x78c99b936290>)""], [""scaler"", ""StandardScaler()""], [""model"", ""Ridge(alpha=10.0)""]], ""transform_input"": null, ""verbose"": false}"
Flower_rat,r0p5,0418_single_date,Ridge,2,1,23,10,102,10,0418_r0p5_ND_B1_B5_mean;0418_r0p5_ND_B3_B6_mean;0418_r0p5_ND_B1_B5_median;0418_r0p5_ND_B1_B6_median;0418_r0p5_NDVI_mean;0418_r0p5_RVI_mean;0418_r0p5_SAVI_mean;0418_r0p5_NDVI_median;0418_r0p5_RVI_median;0418_r0p5_SAVI_median,"{""memory"": null, ""steps"": [[""imputer"", ""SimpleImputer(strategy='median')""], [""selector"", ""SelectKBest(score_func=<function f_regression at 0x78c99b936290>)""], [""scaler"", ""StandardScaler()""], [""model"", ""Ridge(alpha=10.0)""]], ""transform_input"": null, ""verbose"": false}"
Flower_rat,r0p5,0418_single_date,Ridge,3,2,26,7,102,10,0418_r0p5_B2_std;0418_r0p5_B5_max;0418_r0p5_B5_valid_count;0418_r0p5_B6_valid_count;0418_r0p5_ND_B1_B2_mean;0418_r0p5_ND_B2_B3_mean;0418_r0p5_ND_B1_B2_median;0418_r0p5_ND_B1_B4_median;0418_r0p5_ND_B3_B4_median;0418_r0p5_RENDVI1_median,"{""memory"": null, ""steps"": [[""imputer"", ""SimpleImputer(strategy='median')""], [""selector"", ""SelectKBest(score_func=<function f_regression at 0x78c99b936290>)""], [""scaler"", ""StandardScaler()""], [""model"", ""Ridge(alpha=10.0)""]], ""transform_input"": null, ""verbose"": false}"
Flower_rat,r0p5,0418_single_date,Ridge,4,3,25,8,102,10,0418_r0p5_B2_mean;0418_r0p5_B2_median;0418_r0p5_B2_p75;0418_r0p5_B4_mean;0418_r0p5_B4_median;0418_r0p5_B4_p75;0418_r0p5_B5_p75;0418_r0p5_ND_B1_B2_median;0418_r0p5_ND_B1_B4_median;0418_r0p5_RENDVI1_median,"{""memory"": null, ""steps"": [[""imputer"", ""SimpleImputer(strategy='median')""], [""selector"", ""SelectKBest(score_func=<function f_regression at 0x78c99b936290>)""], [""scaler"", ""StandardScaler()""], [""model"", ""Ridge(alpha=10.0)""]], ""transform_input"": null, ""verbose"": false}"
Flower_rat,r0p5,0418_single_date,Ridge,5,4,27,6,102,10,0418_r0p5_B2_std;0418_r0p5_B2_p75;0418_r0p5_B4_median;0418_r0p5_B4_p75;0418_r0p5_B5_max;0418_r0p5_B5_p75;0418_r0p5_ND_B2_B3_mean;0418_r0p5_ND_B2_B3_median;0418_r0p5_ND_B3_B4_median;0418_r0p5_RENDVI1_median,"{""memory"": null, ""steps"": [[""imputer"", ""SimpleImputer(strategy='median')""], [""selector"", ""SelectKBest(score_func=<function f_regression at 0x78c99b936290>)""], [""scaler"", ""StandardScaler()""], [""model"", ""Ridge(alpha=10.0)""]], ""transform_input"": null, ""verbose"": false}"
Flower_rat,r0p5,change_only,Ridge,1,0,31,2,174,10,diff_r0p5_B6_p25;ratio_r0p5_RVI_mean;rel_r0p5_RVI_mean;diff_r0p5_DVI_mean;ratio_r0p5_DVI_mean;rel_r0p5_DVI_mean;ratio_r0p5_EVI_mean;diff_r0p5_DVI_median;ratio_r0p5_DVI_median;rel_r0p5_DVI_median,"{""memory"": null, ""steps"": [[""imputer"", ""SimpleImputer(strategy='median')""], [""selector"", ""SelectKBest(score_func=<function f_regression at 0x78c99b936290>)""], [""scaler"", ""StandardScaler()""], [""model"", ""Ridge(alpha=10.0)""]], ""transform_input"": null, ""verbose"": false}"
Flower_rat,r0p5,change_only,Ridge,2,1,23,10,174,10,diff_r0p5_B5_p25;ratio_r0p5_B5_p25;rel_r0p5_B5_p25;rel_r0p5_B6_mean;diff_r0p5_B6_p25;ratio_r0p5_B6_p25;rel_r0p5_B6_p25;diff_r0p5_DVI_mean;ratio_r0p5_DVI_mean;rel_r0p5_DVI_mean,"{""memory"": null, ""steps"": [[""imputer"", ""SimpleImputer(strategy='median')""], [""selector"", ""SelectKBest(score_func=<function f_regression at 0x78c99b936290>)""], [""scaler"", ""StandardScaler()""], [""model"", ""Ridge(alpha=10.0)""]], ""transform_input"": null, ""verbose"": false}"
Flower_rat,r0p5,change_only,Ridge,3,2,26,7,174,10,diff_r0p5_B5_p25;diff_r0p5_B6_p25;ratio_r0p5_B6_p25;rel_r0p5_B6_p25;diff_r0p5_DVI_mean;ratio_r0p5_DVI_mean;rel_r0p5_DVI_mean;diff_r0p5_DVI_median;ratio_r0p5_DVI_median;rel_r0p5_DVI_median,"{""memory"": null, ""steps"": [[""imputer"", ""SimpleImputer(strategy='median')""], [""selector"", ""SelectKBest(score_func=<function f_regression at 0x78c99b936290>)""], [""scaler"", ""StandardScaler()""], [""model"", ""Ridge(alpha=10.0)""]], ""transform_input"": null, ""verbose"": false}"
Flower_rat,r0p5,change_only,Ridge,4,3,25,8,174,10,diff_r0p5_ND_B4_B6_median;ratio_r0p5_RVI_mean;rel_r0p5_RVI_mean;diff_r0p5_NDRE1_median;ratio_r0p5_NDRE1_median;rel_r0p5_NDRE1_median;ratio_r0p5_RVI_median;rel_r0p5_RVI_median;ratio_r0p5_CI_RE1_median;rel_r0p5_CI_RE1_median,"{""memory"": null, ""steps"": [[""imputer"", ""SimpleImputer(strategy='median')""], [""selector"", ""SelectKBest(score_func=<function f_regression at 0x78c99b936290>)""], [""scaler"", ""StandardScaler()""], [""model"", ""Ridge(alpha=10.0)""]], ""transform_input"": null, ""verbose"": false}"
Flower_rat,r0p5,change_only,Ridge,5,4,27,6,174,10,diff_r0p5_B6_mean;ratio_r0p5_B6_mean;rel_r0p5_B6_mean;rel_r0p5_RVI_mean;diff_r0p5_DVI_mean;ratio_r0p5_DVI_mean;rel_r0p5_DVI_mean;diff_r0p5_EVI_mean;ratio_r0p5_EVI_mean;rel_r0p5_EVI_mean,"{""memory"": null, ""steps"": [[""imputer"", ""SimpleImputer(strategy='median')""], [""selector"", ""SelectKBest(score_func=<function f_regression at 0x78c99b936290>)""], [""scaler"", ""StandardScaler()""], [""model"", ""Ridge(alpha=10.0)""]], ""transform_input"": null, ""verbose"": false}"
Flower_rat,r0p5,all_features,Ridge,1,0,31,2,378,10,0510_r0p5_ND_B1_B3_mean;0510_r0p5_ND_B2_B3_mean;0510_r0p5_ND_B3_B4_mean;0510_r0p5_RENDVI1_mean;0510_r0p5_DVI_mean;diff_r0p5_DVI_mean;ratio_r0p5_DVI_mean;rel_r0p5_DVI_mean;ratio_r0p5_DVI_median;rel_r0p5_DVI_median,"{""memory"": null, ""steps"": [[""imputer"", ""SimpleImputer(strategy='median')""], [""selector"", ""SelectKBest(score_func=<function f_regression at 0x78c99b936290>)""], [""scaler"", ""StandardScaler()""], [""model"", ""Ridge(alpha=10.0)""]], ""transform_input"": null, ""verbose"": false}"
Flower_rat,r0p5,all_features,Ridge,2,1,23,10,378,10,diff_r0p5_B5_p25;ratio_r0p5_B5_p25;rel_r0p5_B5_p25;diff_r0p5_B6_p25;ratio_r0p5_B6_p25;rel_r0p5_B6_p25;0510_r0p5_ND_B2_B3_mean;diff_r0p5_DVI_mean;ratio_r0p5_DVI_mean;rel_r0p5_DVI_mean,"{""memory"": null, ""steps"": [[""imputer"", ""SimpleImputer(strategy='median')""], [""selector"", ""SelectKBest(score_func=<function f_regression at 0x78c99b936290>)""], [""scaler"", ""StandardScaler()""], [""model"", ""Ridge(alpha=10.0)""]], ""transform_input"": null, ""verbose"": false}"
Flower_rat,r0p5,all_features,Ridge,3,2,26,7,378,10,diff_r0p5_B5_p25;diff_r0p5_B6_p25;ratio_r0p5_B6_p25;rel_r0p5_B6_p25;0510_r0p5_ND_B2_B3_mean;diff_r0p5_DVI_mean;ratio_r0p5_DVI_mean;rel_r0p5_DVI_mean;ratio_r0p5_DVI_median;rel_r0p5_DVI_median,"{""memory"": null, ""steps"": [[""imputer"", ""SimpleImputer(strategy='median')""], [""selector"", ""SelectKBest(score_func=<function f_regression at 0x78c99b936290>)""], [""scaler"", ""StandardScaler()""], [""model"", ""Ridge(alpha=10.0)""]], ""transform_input"": null, ""verbose"": false}"
Flower_rat,r0p5,all_features,Ridge,4,3,25,8,378,10,diff_r0p5_ND_B4_B6_median;ratio_r0p5_RVI_mean;rel_r0p5_RVI_mean;diff_r0p5_NDRE1_median;ratio_r0p5_NDRE1_median;rel_r0p5_NDRE1_median;ratio_r0p5_RVI_median;rel_r0p5_RVI_median;ratio_r0p5_CI_RE1_median;rel_r0p5_CI_RE1_median,"{""memory"": null, ""steps"": [[""imputer"", ""SimpleImputer(strategy='median')""], [""selector"", ""SelectKBest(score_func=<function f_regression at 0x78c99b936290>)""], [""scaler"", ""StandardScaler()""], [""model"", ""Ridge(alpha=10.0)""]], ""transform_input"": null, ""verbose"": false}"
Flower_rat,r0p5,all_features,Ridge,5,4,27,6,378,10,0510_r0p5_B5_max;0510_r0p5_B6_mean;0510_r0p5_B6_max;0510_r0p5_ND_B1_B3_mean;0510_r0p5_ND_B2_B3_mean;0510_r0p5_DVI_mean;0510_r0p5_EVI_mean;diff_r0p5_DVI_mean;ratio_r0p5_DVI_mean;rel_r0p5_DVI_mean,"{""memory"": null, ""steps"": [[""imputer"", ""SimpleImputer(strategy='median')""], [""selector"", ""SelectKBest(score_func=<function f_regression at 0x78c99b936290>)""], [""scaler"", ""StandardScaler()""], [""model"", ""Ridge(alpha=10.0)""]], ""transform_input"": null, ""verbose"": false}"
Flower_rat,r0p5,0510_single_date,SingleFeatureLinear,1,0,31,2,102,1,0510_r0p5_ND_B2_B3_mean,"{""memory"": null, ""steps"": [[""imputer"", ""SimpleImputer(strategy='median')""], [""selector"", ""SelectKBest(k=1, score_func=<function f_regression at 0x78c99b936290>)""], [""scaler"", ""StandardScaler()""], [""model"", ""LinearRegression()""]], ""transform_input"": null, ""verbose"": false}"
Flower_rat,r0p5,0510_single_date,SingleFeatureLinear,2,1,23,10,102,1,0510_r0p5_ND_B2_B3_mean,"{""memory"": null, ""steps"": [[""imputer"", ""SimpleImputer(strategy='median')""], [""selector"", ""SelectKBest(k=1, score_func=<function f_regression at 0x78c99b936290>)""], [""scaler"", ""StandardScaler()""], [""model"", ""LinearRegression()""]], ""transform_input"": null, ""verbose"": false}"
Flower_rat,r0p5,0510_single_date,SingleFeatureLinear,3,2,26,7,102,1,0510_r0p5_ND_B2_B3_mean,"{""memory"": null, ""steps"": [[""imputer"", ""SimpleImputer(strategy='median')""], [""selector"", ""SelectKBest(k=1, score_func=<function f_regression at 0x78c99b936290>)""], [""scaler"", ""StandardScaler()""], [""model"", ""LinearRegression()""]], ""transform_input"": null, ""verbose"": false}"
Flower_rat,r0p5,0510_single_date,SingleFeatureLinear,4,3,25,8,102,1,0510_r0p5_RVI_median,"{""memory"": null, ""steps"": [[""imputer"", ""SimpleImputer(strategy='median')""], [""selector"", ""SelectKBest(k=1, score_func=<function f_regression at 0x78c99b936290>)""], [""scaler"", ""StandardScaler()""], [""model"", ""LinearRegression()""]], ""transform_input"": null, ""verbose"": false}"
Flower_rat,r0p5,0510_single_date,SingleFeatureLinear,5,4,27,6,102,1,0510_r0p5_B5_max,"{""memory"": null, ""steps"": [[""imputer"", ""SimpleImputer(strategy='median')""], [""selector"", ""SelectKBest(k=1, score_func=<function f_regression at 0x78c99b936290>)""], [""scaler"", ""StandardScaler()""], [""model"", ""LinearRegression()""]], ""transform_input"": null, ""verbose"": false}"
Flower_rat,r1,all_features,DummyMean,1,0,31,2,378,0,,"{""memory"": null, ""steps"": [[""imputer"", ""SimpleImputer(strategy='median')""], [""model"", ""DummyRegressor()""]], ""transform_input"": null, ""verbose"": false}"
Flower_rat,r1,all_features,DummyMean,2,1,23,10,378,0,,"{""memory"": null, ""steps"": [[""imputer"", ""SimpleImputer(strategy='median')""], [""model"", ""DummyRegressor()""]], ""transform_input"": null, ""verbose"": false}"
Flower_rat,r1,all_features,DummyMean,3,2,26,7,378,0,,"{""memory"": null, ""steps"": [[""imputer"", ""SimpleImputer(strategy='median')""], [""model"", ""DummyRegressor()""]], ""transform_input"": null, ""verbose"": false}"
Flower_rat,r1,all_features,DummyMean,4,3,25,8,378,0,,"{""memory"": null, ""steps"": [[""imputer"", ""SimpleImputer(strategy='median')""], [""model"", ""DummyRegressor()""]], ""transform_input"": null, ""verbose"": false}"
Flower_rat,r1,all_features,DummyMean,5,4,27,6,378,0,,"{""memory"": null, ""steps"": [[""imputer"", ""SimpleImputer(strategy='median')""], [""model"", ""DummyRegressor()""]], ""transform_input"": null, ""verbose"": false}"
Flower_rat,r1,0510_single_date,Ridge,1,0,31,2,102,10,0510_r1_B6_p25;0510_r1_ND_B1_B3_mean;0510_r1_ND_B2_B3_mean;0510_r1_ND_B3_B4_mean;0510_r1_RENDVI1_mean;0510_r1_RENDVI2_mean;0510_r1_RVI_mean;0510_r1_DVI_mean;0510_r1_EVI_mean;0510_r1_DVI_median,"{""memory"": null, ""steps"": [[""imputer"", ""SimpleImputer(strategy='median')""], [""selector"", ""SelectKBest(score_func=<function f_regression at 0x78c99b936290>)""], [""scaler"", ""StandardScaler()""], [""model"", ""Ridge(alpha=10.0)""]], ""transform_input"": null, ""verbose"": false}"
Flower_rat,r1,0510_single_date,Ridge,2,1,23,10,102,10,0510_r1_B5_mean;0510_r1_B5_p25;0510_r1_B6_mean;0510_r1_B6_median;0510_r1_B6_p25;0510_r1_ND_B2_B3_mean;0510_r1_ND_B3_B4_mean;0510_r1_RENDVI1_mean;0510_r1_DVI_mean;0510_r1_DVI_median,"{""memory"": null, ""steps"": [[""imputer"", ""SimpleImputer(strategy='median')""], [""selector"", ""SelectKBest(score_func=<function f_regression at 0x78c99b936290>)""], [""scaler"", ""StandardScaler()""], [""model"", ""Ridge(alpha=10.0)""]], ""transform_input"": null, ""verbose"": false}"
Flower_rat,r1,0510_single_date,Ridge,3,2,26,7,102,10,0510_r1_B3_max;0510_r1_B6_p25;0510_r1_ND_B1_B3_mean;0510_r1_ND_B2_B3_mean;0510_r1_ND_B3_B4_mean;0510_r1_RENDVI1_mean;0510_r1_RVI_mean;0510_r1_DVI_mean;0510_r1_EVI_mean;0510_r1_DVI_median,"{""memory"": null, ""steps"": [[""imputer"", ""SimpleImputer(strategy='median')""], [""selector"", ""SelectKBest(score_func=<function f_regression at 0x78c99b936290>)""], [""scaler"", ""StandardScaler()""], [""model"", ""Ridge(alpha=10.0)""]], ""transform_input"": null, ""verbose"": false}"
Flower_rat,r1,0510_single_date,Ridge,4,3,25,8,102,10,0510_r1_ND_B3_B4_mean;0510_r1_ND_B3_B5_mean;0510_r1_ND_B3_B6_mean;0510_r1_ND_B4_B5_mean;0510_r1_NDVI_mean;0510_r1_RENDVI1_mean;0510_r1_RENDVI2_mean;0510_r1_RVI_mean;0510_r1_SAVI_mean;0510_r1_DVI_median,"{""memory"": null, ""steps"": [[""imputer"", ""SimpleImputer(strategy='median')""], [""selector"", ""SelectKBest(score_func=<function f_regression at 0x78c99b936290>)""], [""scaler"", ""StandardScaler()""], [""model"", ""Ridge(alpha=10.0)""]], ""transform_input"": null, ""verbose"": false}"
Flower_rat,r1,0510_single_date,Ridge,5,4,27,6,102,10,0510_r1_B6_mean;0510_r1_B6_p25;0510_r1_ND_B1_B3_mean;0510_r1_ND_B2_B3_mean;0510_r1_ND_B3_B4_mean;0510_r1_RENDVI1_mean;0510_r1_RVI_mean;0510_r1_DVI_mean;0510_r1_EVI_mean;0510_r1_DVI_median,"{""memory"": null, ""steps"": [[""imputer"", ""SimpleImputer(strategy='median')""], [""selector"", ""SelectKBest(score_func=<function f_regression at 0x78c99b936290>)""], [""scaler"", ""StandardScaler()""], [""model"", ""Ridge(alpha=10.0)""]], ""transform_input"": null, ""verbose"": false}"
Flower_rat,r1,0418_single_date,Ridge,1,0,31,2,102,10,0418_r1_B2_max;0418_r1_B4_max;0418_r1_B5_median;0418_r1_B5_p75;0418_r1_B6_p75;0418_r1_ND_B2_B3_mean;0418_r1_ND_B3_B4_mean;0418_r1_ND_B3_B4_median;0418_r1_RENDVI1_mean;0418_r1_RENDVI1_median,"{""memory"": null, ""steps"": [[""imputer"", ""SimpleImputer(strategy='median')""], [""selector"", ""SelectKBest(score_func=<function f_regression at 0x78c99b936290>)""], [""scaler"", ""StandardScaler()""], [""model"", ""Ridge(alpha=10.0)""]], ""transform_input"": null, ""verbose"": false}"
Flower_rat,r1,0418_single_date,Ridge,2,1,23,10,102,10,0418_r1_ND_B1_B5_mean;0418_r1_ND_B1_B6_mean;0418_r1_ND_B1_B5_median;0418_r1_ND_B1_B6_median;0418_r1_ND_B2_B4_median;0418_r1_ND_B2_B5_median;0418_r1_ND_B2_B6_median;0418_r1_NDVI_median;0418_r1_GNDVI_median;0418_r1_SAVI_median,"{""memory"": null, ""steps"": [[""imputer"", ""SimpleImputer(strategy='median')""], [""selector"", ""SelectKBest(score_func=<function f_regression at 0x78c99b936290>)""], [""scaler"", ""StandardScaler()""], [""model"", ""Ridge(alpha=10.0)""]], ""transform_input"": null, ""verbose"": false}"
Flower_rat,r1,0418_single_date,Ridge,3,2,26,7,102,10,0418_r1_B2_std;0418_r1_B2_max;0418_r1_B4_std;0418_r1_B4_max;0418_r1_B5_p75;0418_r1_ND_B1_B2_mean;0418_r1_ND_B2_B3_mean;0418_r1_ND_B2_B4_median;0418_r1_ND_B3_B4_median;0418_r1_RENDVI1_median,"{""memory"": null, ""steps"": [[""imputer"", ""SimpleImputer(strategy='median')""], [""selector"", ""SelectKBest(score_func=<function f_regression at 0x78c99b936290>)""], [""scaler"", ""StandardScaler()""], [""model"", ""Ridge(alpha=10.0)""]], ""transform_input"": null, ""verbose"": false}"
Flower_rat,r1,0418_single_date,Ridge,4,3,25,8,102,10,0418_r1_B2_mean;0418_r1_B2_max;0418_r1_B2_p25;0418_r1_B4_mean;0418_r1_B4_median;0418_r1_B4_p25;0418_r1_B4_p75;0418_r1_B5_p75;0418_r1_ND_B3_B4_median;0418_r1_RENDVI1_median,"{""memory"": null, ""steps"": [[""imputer"", ""SimpleImputer(strategy='median')""], [""selector"", ""SelectKBest(score_func=<function f_regression at 0x78c99b936290>)""], [""scaler"", ""StandardScaler()""], [""model"", ""Ridge(alpha=10.0)""]], ""transform_input"": null, ""verbose"": false}"
Flower_rat,r1,0418_single_date,Ridge,5,4,27,6,102,10,0418_r1_B2_max;0418_r1_B4_max;0418_r1_B5_p75;0418_r1_ND_B2_B3_mean;0418_r1_ND_B3_B4_mean;0418_r1_ND_B2_B3_median;0418_r1_ND_B3_B4_median;0418_r1_RENDVI1_mean;0418_r1_RENDVI1_median;0418_r1_EVI_median,"{""memory"": null, ""steps"": [[""imputer"", ""SimpleImputer(strategy='median')""], [""selector"", ""SelectKBest(score_func=<function f_regression at 0x78c99b936290>)""], [""scaler"", ""StandardScaler()""], [""model"", ""Ridge(alpha=10.0)""]], ""transform_input"": null, ""verbose"": false}"
Flower_rat,r1,change_only,Ridge,1,0,31,2,174,10,ratio_r1_RENDVI1_mean;rel_r1_RENDVI1_mean;ratio_r1_RVI_mean;rel_r1_RVI_mean;diff_r1_DVI_mean;ratio_r1_DVI_mean;rel_r1_DVI_mean;diff_r1_EVI_mean;ratio_r1_EVI_mean;rel_r1_EVI_mean,"{""memory"": null, ""steps"": [[""imputer"", ""SimpleImputer(strategy='median')""], [""selector"", ""SelectKBest(score_func=<function f_regression at 0x78c99b936290>)""], [""scaler"", ""StandardScaler()""], [""model"", ""Ridge(alpha=10.0)""]], ""transform_input"": null, ""verbose"": false}"
Flower_rat,r1,change_only,Ridge,2,1,23,10,174,10,diff_r1_ND_B1_B3_mean;diff_r1_ND_B2_B3_mean;ratio_r1_RENDVI1_mean;rel_r1_RENDVI1_mean;diff_r1_DVI_mean;ratio_r1_DVI_mean;rel_r1_DVI_mean;diff_r1_EVI_mean;ratio_r1_EVI_mean;rel_r1_EVI_mean,"{""memory"": null, ""steps"": [[""imputer"", ""SimpleImputer(strategy='median')""], [""selector"", ""SelectKBest(score_func=<function f_regression at 0x78c99b936290>)""], [""scaler"", ""StandardScaler()""], [""model"", ""Ridge(alpha=10.0)""]], ""transform_input"": null, ""verbose"": false}"
Flower_rat,r1,change_only,Ridge,3,2,26,7,174,10,ratio_r1_RENDVI1_mean;rel_r1_RENDVI1_mean;ratio_r1_RVI_mean;rel_r1_RVI_mean;diff_r1_DVI_mean;ratio_r1_DVI_mean;rel_r1_DVI_mean;diff_r1_EVI_mean;ratio_r1_EVI_mean;rel_r1_EVI_mean,"{""memory"": null, ""steps"": [[""imputer"", ""SimpleImputer(strategy='median')""], [""selector"", ""SelectKBest(score_func=<function f_regression at 0x78c99b936290>)""], [""scaler"", ""StandardScaler()""], [""model"", ""Ridge(alpha=10.0)""]], ""transform_input"": null, ""verbose"": false}"
Flower_rat,r1,change_only,Ridge,4,3,25,8,174,10,diff_r1_ND_B3_B5_mean;ratio_r1_NDVI_mean;rel_r1_NDVI_mean;diff_r1_RENDVI2_mean;ratio_r1_RENDVI2_mean;rel_r1_RENDVI2_mean;ratio_r1_RVI_mean;rel_r1_RVI_mean;ratio_r1_SAVI_mean;rel_r1_SAVI_mean,"{""memory"": null, ""steps"": [[""imputer"", ""SimpleImputer(strategy='median')""], [""selector"", ""SelectKBest(score_func=<function f_regression at 0x78c99b936290>)""], [""scaler"", ""StandardScaler()""], [""model"", ""Ridge(alpha=10.0)""]], ""transform_input"": null, ""verbose"": false}"
Flower_rat,r1,change_only,Ridge,5,4,27,6,174,10,ratio_r1_NDVI_mean;rel_r1_NDVI_mean;diff_r1_DVI_mean;ratio_r1_DVI_mean;rel_r1_DVI_mean;ratio_r1_SAVI_mean;rel_r1_SAVI_mean;diff_r1_EVI_mean;ratio_r1_EVI_mean;rel_r1_EVI_mean,"{""memory"": null, ""steps"": [[""imputer"", ""SimpleImputer(strategy='median')""], [""selector"", ""SelectKBest(score_func=<function f_regression at 0x78c99b936290>)""], [""scaler"", ""StandardScaler()""], [""model"", ""Ridge(alpha=10.0)""]], ""transform_input"": null, ""verbose"": false}"
Flower_rat,r1,all_features,Ridge,1,0,31,2,378,10,0510_r1_ND_B2_B3_mean;0510_r1_ND_B3_B4_mean;0510_r1_RENDVI1_mean;0510_r1_DVI_mean;0510_r1_EVI_mean;ratio_r1_DVI_mean;rel_r1_DVI_mean;ratio_r1_EVI_mean;rel_r1_EVI_mean;0510_r1_DVI_median,"{""memory"": null, ""steps"": [[""imputer"", ""SimpleImputer(strategy='median')""], [""selector"", ""SelectKBest(score_func=<function f_regression at 0x78c99b936290>)""], [""scaler"", ""StandardScaler()""], [""model"", ""Ridge(alpha=10.0)""]], ""transform_input"": null, ""verbose"": false}"
Flower_rat,r1,all_features,Ridge,2,1,23,10,378,10,0510_r1_B5_p25;0510_r1_B6_mean;0510_r1_B6_p25;0510_r1_ND_B2_B3_mean;0418_r1_ND_B1_B5_median;0418_r1_ND_B2_B4_median;0510_r1_DVI_mean;ratio_r1_DVI_mean;rel_r1_DVI_mean;0510_r1_DVI_median,"{""memory"": null, ""steps"": [[""imputer"", ""SimpleImputer(strategy='median')""], [""selector"", ""SelectKBest(score_func=<function f_regression at 0x78c99b936290>)""], [""scaler"", ""StandardScaler()""], [""model"", ""Ridge(alpha=10.0)""]], ""transform_input"": null, ""verbose"": false}"
Flower_rat,r1,all_features,Ridge,3,2,26,7,378,10,0510_r1_B6_p25;0510_r1_ND_B2_B3_mean;0510_r1_ND_B3_B4_mean;0510_r1_RENDVI1_mean;0510_r1_RVI_mean;0510_r1_DVI_mean;ratio_r1_RENDVI1_mean;rel_r1_RENDVI1_mean;ratio_r1_DVI_mean;rel_r1_DVI_mean,"{""memory"": null, ""steps"": [[""imputer"", ""SimpleImputer(strategy='median')""], [""selector"", ""SelectKBest(score_func=<function f_regression at 0x78c99b936290>)""], [""scaler"", ""StandardScaler()""], [""model"", ""Ridge(alpha=10.0)""]], ""transform_input"": null, ""verbose"": false}"
Flower_rat,r1,all_features,Ridge,4,3,25,8,378,10,0510_r1_ND_B3_B5_mean;diff_r1_ND_B3_B5_mean;0510_r1_RENDVI2_mean;0510_r1_RVI_mean;diff_r1_RENDVI2_mean;ratio_r1_RENDVI2_mean;rel_r1_RENDVI2_mean;ratio_r1_RVI_mean;rel_r1_RVI_mean;rel_r1_SAVI_mean,"{""memory"": null, ""steps"": [[""imputer"", ""SimpleImputer(strategy='median')""], [""selector"", ""SelectKBest(score_func=<function f_regression at 0x78c99b936290>)""], [""scaler"", ""StandardScaler()""], [""model"", ""Ridge(alpha=10.0)""]], ""transform_input"": null, ""verbose"": false}"
Flower_rat,r1,all_features,Ridge,5,4,27,6,378,10,0510_r1_ND_B1_B3_mean;0510_r1_ND_B2_B3_mean;0510_r1_ND_B3_B4_mean;0510_r1_RENDVI1_mean;0510_r1_RVI_mean;0510_r1_DVI_mean;0510_r1_EVI_mean;ratio_r1_DVI_mean;rel_r1_DVI_mean;rel_r1_EVI_mean,"{""memory"": null, ""steps"": [[""imputer"", ""SimpleImputer(strategy='median')""], [""selector"", ""SelectKBest(score_func=<function f_regression at 0x78c99b936290>)""], [""scaler"", ""StandardScaler()""], [""model"", ""Ridge(alpha=10.0)""]], ""transform_input"": null, ""verbose"": false}"
Flower_rat,r1,0510_single_date,SingleFeatureLinear,1,0,31,2,102,1,0510_r1_ND_B2_B3_mean,"{""memory"": null, ""steps"": [[""imputer"", ""SimpleImputer(strategy='median')""], [""selector"", ""SelectKBest(k=1, score_func=<function f_regression at 0x78c99b936290>)""], [""scaler"", ""StandardScaler()""], [""model"", ""LinearRegression()""]], ""transform_input"": null, ""verbose"": false}"
Flower_rat,r1,0510_single_date,SingleFeatureLinear,2,1,23,10,102,1,0510_r1_B6_p25,"{""memory"": null, ""steps"": [[""imputer"", ""SimpleImputer(strategy='median')""], [""selector"", ""SelectKBest(k=1, score_func=<function f_regression at 0x78c99b936290>)""], [""scaler"", ""StandardScaler()""], [""model"", ""LinearRegression()""]], ""transform_input"": null, ""verbose"": false}"
Flower_rat,r1,0510_single_date,SingleFeatureLinear,3,2,26,7,102,1,0510_r1_ND_B2_B3_mean,"{""memory"": null, ""steps"": [[""imputer"", ""SimpleImputer(strategy='median')""], [""selector"", ""SelectKBest(k=1, score_func=<function f_regression at 0x78c99b936290>)""], [""scaler"", ""StandardScaler()""], [""model"", ""LinearRegression()""]], ""transform_input"": null, ""verbose"": false}"
Flower_rat,r1,0510_single_date,SingleFeatureLinear,4,3,25,8,102,1,0510_r1_RVI_mean,"{""memory"": null, ""steps"": [[""imputer"", ""SimpleImputer(strategy='median')""], [""selector"", ""SelectKBest(k=1, score_func=<function f_regression at 0x78c99b936290>)""], [""scaler"", ""StandardScaler()""], [""model"", ""LinearRegression()""]], ""transform_input"": null, ""verbose"": false}"
Flower_rat,r1,0510_single_date,SingleFeatureLinear,5,4,27,6,102,1,0510_r1_ND_B2_B3_mean,"{""memory"": null, ""steps"": [[""imputer"", ""SimpleImputer(strategy='median')""], [""selector"", ""SelectKBest(k=1, score_func=<function f_regression at 0x78c99b936290>)""], [""scaler"", ""StandardScaler()""], [""model"", ""LinearRegression()""]], ""transform_input"": null, ""verbose"": false}"
