target,scale,feature,feature_type,date_type,statistic,n,pearson_r,pearson_p,spearman_r,spearman_p,fdr_q_within_scale,fdr_q_global,bootstrap_ci_lower,bootstrap_ci_upper,bootstrap_top1_frequency,bootstrap_top5_frequency,bootstrap_top10_frequency,max_stat_permutation_p,stability_status
Flower_rat,one_sqft,0510_r0p172_ND_B2_B3_median,pairwise_nd,0510,median,33,-0.52643173304628,0.0016494109081382385,-0.6586708111663896,3.081388048805021e-05,0.01164764682448298,0.0028749350495350847,-0.8300533040706575,-0.3762040771158745,0.386,0.601,0.711,0.005994005994005994,stable_top10
Flower_rat,one_sqft,diff_r0p172_DVI_mean,predefined_index,diff,mean,33,-0.5470434223187081,0.0009863998384771156,-0.595876295903522,0.0002533158937497983,0.012341712739816393,0.007093024941597355,-0.7830584610919661,-0.32578370978719146,0.0645,0.24,0.39,0.005994005994005994,unstable_or_not_bootstrapped
Flower_rat,one_sqft,ratio_r0p172_DVI_median,predefined_index,ratio,median,33,-0.5258038449346295,0.0016746022761176104,-0.59318989952864,0.0002745439179747814,0.012341712739816393,0.007115263207513085,-0.7789650713863195,-0.31312678559234064,0.016,0.195,0.35,0.005994005994005994,unstable_or_not_bootstrapped
Flower_rat,one_sqft,rel_r0p172_DVI_median,predefined_index,rel,median,33,-0.5258038449346297,0.0016746022761176104,-0.59318989952864,0.0002745439179747814,0.012341712739816393,0.007115263207513085,-0.7789650713863195,-0.31312678559234064,0.0095,0.201,0.3525,0.005994005994005994,unstable_or_not_bootstrapped
Flower_rat,one_sqft,0510_r0p172_ND_B1_B3_median,pairwise_nd,0510,median,33,-0.5569812755427715,0.0007606869950142483,-0.5837875122165529,0.00036186239997069346,0.012341712739816393,0.007943943980533105,-0.8090198458877786,-0.24703885025470776,0.06,0.245,0.36,0.005994005994005994,unstable_or_not_bootstrapped
Flower_rat,one_sqft,0510_r0p172_ND_B2_B3_mean,pairwise_nd,0510,mean,33,-0.5151291287855875,0.0021573886244795103,-0.5740493253576054,0.00047749132026709466,0.012341712739816393,0.007967730094483367,-0.7934437896968941,-0.24656404088744674,0.022,0.1845,0.2855,0.005994005994005994,unstable_or_not_bootstrapped
Flower_rat,one_sqft,0510_r0p172_EVI_median,predefined_index,0510,median,33,-0.5295795887905342,0.0015280448016046966,-0.5713629289827235,0.0005146691811993004,0.012341712739816393,0.007967730094483367,-0.7955864552727722,-0.22678669899736117,0.0055,0.084,0.22,0.005994005994005994,unstable_or_not_bootstrapped
Flower_rat,one_sqft,rel_r0p172_RENDVI1_median,predefined_index,rel,median,33,-0.46709886072411083,0.006133799497384714,-0.5639753389517979,0.000630452600338176,0.012341712739816393,0.007967730094483367,-0.795321963666419,-0.2212005468479788,0.0185,0.168,0.263,0.005994005994005994,unstable_or_not_bootstrapped
Flower_rat,one_sqft,ratio_r0p172_RENDVI1_median,predefined_index,ratio,median,33,-0.46709886072411083,0.006133799497384714,-0.5639753389517979,0.000630452600338176,0.012341712739816393,0.007967730094483367,-0.795321963666419,-0.2212005468479788,0.0175,0.1635,0.2615,0.005994005994005994,unstable_or_not_bootstrapped
Flower_rat,one_sqft,ratio_r0p172_DVI_mean,predefined_index,ratio,mean,33,-0.5393105559381107,0.0012008329023536007,-0.5609531430300555,0.0006840896791508067,0.012341712739816393,0.008326530812249027,-0.7741996672344841,-0.2581577049963023,0.008,0.095,0.219,0.005994005994005994,unstable_or_not_bootstrapped
Flower_rat,one_sqft,rel_r0p172_DVI_mean,predefined_index,rel,mean,33,-0.5393105559381108,0.001200832902353594,-0.5609531430300555,0.0006840896791508067,0.012341712739816393,0.008326530812249027,-0.7741996672344841,-0.2581577049963023,0.004,0.091,0.2135,0.005994005994005994,unstable_or_not_bootstrapped
Flower_rat,one_sqft,diff_r0p172_DVI_median,predefined_index,diff,median,33,-0.5270514648523118,0.0016248722014962091,-0.5602815439363351,0.0006965420942112946,0.012341712739816393,0.008385468050311455,-0.7497608455172078,-0.29609650697842427,0.0215,0.099,0.2085,0.005994005994005994,unstable_or_not_bootstrapped
Flower_rat,one_sqft,diff_r0p172_ND_B3_B5_median,pairwise_nd,diff,median,33,0.511165190176473,0.0023653039823731486,0.5586025462020338,0.0007285525413189768,0.012341712739816393,0.008439277584219215,0.21823868471393906,0.7983792770100461,0.0,0.0205,0.094,0.005994005994005994,unstable_or_not_bootstrapped
Flower_rat,one_sqft,diff_r0p172_RENDVI2_median,predefined_index,diff,median,33,-0.511165190176473,0.0023653039823731486,-0.5586025462020338,0.0007285525413189768,0.012341712739816393,0.008439277584219215,-0.7983792770100461,-0.21823868471393926,0.003,0.027,0.089,0.005994005994005994,unstable_or_not_bootstrapped
Flower_rat,one_sqft,ratio_r0p172_EVI_median,predefined_index,ratio,median,33,-0.5248979655330973,0.001711539151763174,-0.5580988468817434,0.0007384054065387915,0.012341712739816393,0.008439277584219215,-0.8024604472405809,-0.2198413198757665,0.0025,0.0625,0.175,0.005994005994005994,unstable_or_not_bootstrapped
Flower_rat,one_sqft,rel_r0p172_EVI_median,predefined_index,rel,median,33,-0.5248979655330972,0.001711539151763174,-0.5580988468817434,0.0007384054065387915,0.012341712739816393,0.008439277584219215,-0.8024604472405809,-0.2198413198757665,0.0045,0.0645,0.1705,0.005994005994005994,unstable_or_not_bootstrapped
Flower_rat,one_sqft,rel_r0p172_RENDVI2_median,predefined_index,rel,median,33,-0.5131105276840587,0.0022611872423366195,-0.5579309471083133,0.0007417157147974015,0.012341712739816393,0.008439277584219215,-0.7973132357972601,-0.21922205834573677,0.0015,0.0155,0.0775,0.005994005994005994,unstable_or_not_bootstrapped
Flower_rat,one_sqft,ratio_r0p172_RENDVI2_median,predefined_index,ratio,median,33,-0.5131105276840588,0.0022611872423366195,-0.5579309471083133,0.0007417157147974015,0.012341712739816393,0.008439277584219215,-0.7973132357972601,-0.21922205834573677,0.001,0.013,0.0775,0.005994005994005994,unstable_or_not_bootstrapped
Flower_rat,one_sqft,diff_r0p172_RENDVI1_median,predefined_index,diff,median,33,-0.4425015066014132,0.009919320270867713,-0.552390254585119,0.0008585655427384685,0.012341712739816393,0.008834457357762558,-0.790177639034536,-0.2113745486269362,0.0245,0.137,0.2205,0.005994005994005994,unstable_or_not_bootstrapped
Flower_rat,one_sqft,diff_r0p172_ND_B3_B4_median,pairwise_nd,diff,median,33,0.4425015066014132,0.009919320270867713,0.552390254585119,0.0008585655427384685,0.012341712739816393,0.008834457357762558,0.21137454862693614,0.790177639034536,0.0005,0.124,0.2185,0.005994005994005994,unstable_or_not_bootstrapped
Flower_rat,one_sqft,diff_r0p172_NDVI_median,predefined_index,diff,median,33,-0.504879125740552,0.002730776594455062,-0.5520544550382588,0.000866141493206586,0.012341712739816393,0.008834457357762558,-0.7911822381783441,-0.20946858343348204,0.0005,0.01,0.034,0.005994005994005994,unstable_or_not_bootstrapped
Flower_rat,one_sqft,diff_r0p172_SAVI_median,predefined_index,diff,median,33,-0.5048858050521814,0.0027303636337409043,-0.5520544550382588,0.000866141493206586,0.012341712739816393,0.008834457357762558,-0.7911822381783441,-0.20946858343348204,0.0,0.0075,0.032,0.005994005994005994,unstable_or_not_bootstrapped
Flower_rat,one_sqft,diff_r0p172_ND_B3_B6_median,pairwise_nd,diff,median,33,0.504879125740552,0.002730776594455062,0.5520544550382588,0.000866141493206586,0.012341712739816393,0.008834457357762558,0.20946858343348174,0.7911822381783439,0.0005,0.009,0.036,0.005994005994005994,unstable_or_not_bootstrapped
Flower_rat,one_sqft,0510_r0p172_ND_B1_B3_mean,pairwise_nd,0510,mean,33,-0.5279622332558076,0.001589388927434035,-0.5518865552648287,0.0008699514976303985,0.012341712739816393,0.008834457357762558,-0.7876468248068813,-0.1983612404021546,0.0015,0.101,0.1945,0.005994005994005994,unstable_or_not_bootstrapped
Flower_rat,one_sqft,rel_r0p172_NDVI_median,predefined_index,rel,median,33,-0.5049713009808229,0.002725082475777308,-0.5468495620619248,0.000991333480849633,0.012341712739816393,0.00893546976365527,-0.7856448538556237,-0.20426840776999458,0.0005,0.004,0.0235,0.005994005994005994,unstable_or_not_bootstrapped
Flower_rat,one_sqft,rel_r0p172_SAVI_median,predefined_index,rel,median,33,-0.5049770002034909,0.002724730745236732,-0.5468495620619248,0.000991333480849633,0.012341712739816393,0.00893546976365527,-0.7856448538556237,-0.20426840776999458,0.0,0.004,0.02,0.005994005994005994,unstable_or_not_bootstrapped
Flower_rat,one_sqft,ratio_r0p172_SAVI_median,predefined_index,ratio,median,33,-0.5049770002034911,0.0027247307452367042,-0.5468495620619248,0.000991333480849633,0.012341712739816393,0.00893546976365527,-0.7856448538556237,-0.20426840776999458,0.0,0.0045,0.02,0.005994005994005994,unstable_or_not_bootstrapped
Flower_rat,one_sqft,ratio_r0p172_NDVI_median,predefined_index,ratio,median,33,-0.5049713009808228,0.002725082475777308,-0.5468495620619248,0.000991333480849633,0.012341712739816393,0.00893546976365527,-0.7856448538556237,-0.20426840776999458,0.0,0.002,0.0245,0.005994005994005994,unstable_or_not_bootstrapped
Flower_rat,one_sqft,diff_r0p172_EVI_median,predefined_index,diff,median,33,-0.516744086950945,0.0020773583350692315,-0.5436594663667524,0.0010756949466126054,0.012341712739816393,0.009109788504997843,-0.7955641051575038,-0.19315737542142888,0.004,0.0265,0.0925,0.005994005994005994,unstable_or_not_bootstrapped
Flower_rat,one_sqft,diff_r0p172_ND_B4_B5_median,pairwise_nd,diff,median,33,0.5405585698226503,0.0011636778910575673,0.5433236668198922,0.0010849317046638647,0.012341712739816393,0.009109788504997843,0.19399322202799915,0.7926317913999819,0.017,0.072,0.1385,0.005994005994005994,unstable_or_not_bootstrapped
Flower_rat,point,diff_rpt_ND_B1_B5_mean,pairwise_nd,diff,mean,33,0.4582479182884506,0.007321026289688766,0.5992342913721246,0.00022884337037991674,0.016810024836110226,0.007093024941597355,0.28500545115055886,0.8102382121201085,0.1605,0.392,0.5075,0.014985014985014986,stable_top10
Flower_rat,point,diff_rpt_ND_B1_B5_median,pairwise_nd,diff,median,33,0.4582479182884506,0.007321026289688766,0.5992342913721246,0.00022884337037991674,0.016810024836110226,0.007093024941597355,0.28500545115055886,0.8102382121201085,0.093,0.38,0.5065,0.014985014985014986,stable_top10
Flower_rat,point,diff_rpt_ND_B1_B6_median,pairwise_nd,diff,median,33,0.4695473645110369,0.005836048656039184,0.5888245054194566,0.000312429425837497,0.016810024836110226,0.007670964587010124,0.26929939524706464,0.8056861791577238,0.0385,0.3175,0.446,0.014985014985014986,moderate
Flower_rat,point,diff_rpt_ND_B1_B6_mean,pairwise_nd,diff,mean,33,0.4695473645110369,0.005836048656039184,0.5888245054194566,0.000312429425837497,0.016810024836110226,0.007670964587010124,0.26929939524706464,0.8056861791577238,0.0575,0.3345,0.4465,0.014985014985014986,moderate
Flower_rat,point,0510_rpt_ND_B1_B6_mean,pairwise_nd,0510,mean,33,0.4537971093005865,0.007988599256327592,0.5549087511865709,0.000803581767937571,0.016810024836110226,0.008834457357762558,0.2288494500117601,0.7754698442269423,0.035,0.147,0.2715,0.014985014985014986,unstable_or_not_bootstrapped
Flower_rat,point,0510_rpt_ND_B1_B6_median,pairwise_nd,0510,median,33,0.4537971093005865,0.007988599256327592,0.5549087511865709,0.000803581767937571,0.016810024836110226,0.008834457357762558,0.2288494500117601,0.7754698442269423,0.0175,0.1285,0.2705,0.014985014985014986,unstable_or_not_bootstrapped
Flower_rat,point,rel_rpt_GNDVI_mean,predefined_index,rel,mean,33,-0.47685094853853077,0.0050202839587675544,-0.5408051702184402,0.001156456872050768,0.016810024836110226,0.009109788504997843,-0.8004878882272763,-0.17145281072925142,0.0005,0.045,0.146,0.014985014985014986,unstable_or_not_bootstrapped
Flower_rat,point,ratio_rpt_GNDVI_mean,predefined_index,ratio,mean,33,-0.47685094853853094,0.005020283958767531,-0.5408051702184402,0.001156456872050768,0.016810024836110226,0.009109788504997843,-0.8004878882272763,-0.17145281072925142,0.0,0.0485,0.1485,0.014985014985014986,unstable_or_not_bootstrapped
Flower_rat,point,ratio_rpt_GNDVI_median,predefined_index,ratio,median,33,-0.47685094853853094,0.005020283958767531,-0.5408051702184402,0.001156456872050768,0.016810024836110226,0.009109788504997843,-0.8004878882272763,-0.17145281072925142,0.0125,0.0545,0.165,0.014985014985014986,unstable_or_not_bootstrapped
Flower_rat,point,rel_rpt_GNDVI_median,predefined_index,rel,median,33,-0.47685094853853077,0.0050202839587675544,-0.5408051702184402,0.001156456872050768,0.016810024836110226,0.009109788504997843,-0.8004878882272763,-0.17145281072925142,0.0115,0.059,0.162,0.014985014985014986,unstable_or_not_bootstrapped
Flower_rat,point,diff_rpt_ND_B2_B5_mean,pairwise_nd,diff,mean,33,0.4520739757198392,0.008260606254372771,0.5359360767889666,0.0013065572519201114,0.016810024836110226,0.009109788504997843,0.16251428476041552,0.8053634098365297,0.033,0.109,0.179,0.014985014985014986,unstable_or_not_bootstrapped
Flower_rat,point,diff_rpt_ND_B2_B5_median,pairwise_nd,diff,median,33,0.4520739757198392,0.008260606254372771,0.5359360767889666,0.0013065572519201114,0.016810024836110226,0.009109788504997843,0.16251428476041552,0.8053634098365297,0.0265,0.1,0.1795,0.014985014985014986,unstable_or_not_bootstrapped
Flower_rat,point,0510_rpt_ND_B1_B5_median,pairwise_nd,0510,median,33,0.44421746398527434,0.009602799939808105,0.5356002772421062,0.0013175113937973857,0.016810024836110226,0.009109788504997843,0.20308947586675258,0.7600513156598834,0.0035,0.0505,0.161,0.014985014985014986,unstable_or_not_bootstrapped
Flower_rat,point,0510_rpt_ND_B1_B5_mean,pairwise_nd,0510,mean,33,0.44421746398527434,0.009602799939808105,0.5356002772421062,0.0013175113937973857,0.016810024836110226,0.009109788504997843,0.20308947586675258,0.7600513156598834,0.01,0.0565,0.1615,0.014985014985014986,unstable_or_not_bootstrapped
Flower_rat,point,diff_rpt_GNDVI_median,predefined_index,diff,median,33,-0.4766293024052426,0.005043516215646153,-0.5300595847189121,0.001510242458082033,0.016810024836110226,0.009163277638714667,-0.7979238303554608,-0.15489762060765477,0.0025,0.02,0.077,0.014985014985014986,unstable_or_not_bootstrapped
Flower_rat,point,diff_rpt_GNDVI_mean,predefined_index,diff,mean,33,-0.4766293024052426,0.005043516215646153,-0.5300595847189121,0.001510242458082033,0.016810024836110226,0.009163277638714667,-0.7979238303554608,-0.15489762060765477,0.0,0.0185,0.076,0.014985014985014986,unstable_or_not_bootstrapped
Flower_rat,point,diff_rpt_ND_B2_B6_median,pairwise_nd,diff,median,33,0.4766293024052426,0.005043516215646153,0.5300595847189121,0.001510242458082033,0.016810024836110226,0.009163277638714667,0.1548976206076547,0.7979238303554608,0.0,0.0125,0.074,0.014985014985014986,unstable_or_not_bootstrapped
Flower_rat,point,diff_rpt_ND_B2_B6_mean,pairwise_nd,diff,mean,33,0.4766293024052426,0.005043516215646153,0.5300595847189121,0.001510242458082033,0.016810024836110226,0.009163277638714667,0.1548976206076547,0.7979238303554608,0.002,0.0205,0.0815,0.014985014985014986,unstable_or_not_bootstrapped
Flower_rat,point,diff_rpt_DVI_median,predefined_index,diff,median,33,-0.4459191446752701,0.009297404466555631,-0.5273731883440301,0.001612259639217593,0.016810024836110226,0.009163277638714667,-0.7034474230884256,-0.25265032716327246,0.0565,0.1305,0.203,0.014985014985014986,unstable_or_not_bootstrapped
Flower_rat,point,diff_rpt_DVI_mean,predefined_index,diff,mean,33,-0.4459191446752701,0.009297404466555631,-0.5273731883440301,0.001612259639217593,0.016810024836110226,0.009163277638714667,-0.7034474230884256,-0.25265032716327246,0.027,0.1215,0.2035,0.014985014985014986,unstable_or_not_bootstrapped
Flower_rat,point,0510_rpt_GNDVI_median,predefined_index,0510,median,33,-0.46115944918875174,0.0069105595115003,-0.524686791969148,0.001720251266369822,0.016810024836110226,0.009413457076381488,-0.7825314495717339,-0.1625814576391388,0.011,0.0415,0.088,0.014985014985014986,unstable_or_not_bootstrapped
Flower_rat,point,0510_rpt_ND_B2_B6_mean,pairwise_nd,0510,mean,33,0.46115944918875174,0.0069105595115003,0.524686791969148,0.001720251266369822,0.016810024836110226,0.009413457076381488,0.16258145763913828,0.7825314495717339,0.0055,0.0415,0.088,0.014985014985014986,unstable_or_not_bootstrapped
Flower_rat,point,0510_rpt_ND_B2_B6_median,pairwise_nd,0510,median,33,0.46115944918875174,0.0069105595115003,0.524686791969148,0.001720251266369822,0.016810024836110226,0.009413457076381488,0.16258145763913828,0.7825314495717339,0.0,0.0335,0.077,0.014985014985014986,unstable_or_not_bootstrapped
Flower_rat,point,0510_rpt_GNDVI_mean,predefined_index,0510,mean,33,-0.46115944918875174,0.0069105595115003,-0.524686791969148,0.001720251266369822,0.016810024836110226,0.009413457076381488,-0.7825314495717339,-0.1625814576391388,0.0005,0.0355,0.078,0.014985014985014986,unstable_or_not_bootstrapped
Flower_rat,point,rel_rpt_DVI_mean,predefined_index,rel,mean,33,-0.44394607344746634,0.00965228262887465,-0.5162918032976417,0.002099506413974465,0.016810024836110226,0.009843414493659176,-0.7197764783068499,-0.2255999380412226,0.0055,0.064,0.109,0.014985014985014986,unstable_or_not_bootstrapped
Flower_rat,point,ratio_rpt_DVI_mean,predefined_index,ratio,mean,33,-0.44394607344746606,0.00965228262887469,-0.5162918032976417,0.002099506413974465,0.016810024836110226,0.009843414493659176,-0.7197764783068499,-0.2255999380412226,0.005,0.0635,0.1125,0.014985014985014986,unstable_or_not_bootstrapped
Flower_rat,point,rel_rpt_DVI_median,predefined_index,rel,median,33,-0.44394607344746634,0.00965228262887465,-0.5162918032976417,0.002099506413974465,0.016810024836110226,0.009843414493659176,-0.7197764783068499,-0.2255999380412226,0.0045,0.0485,0.109,0.014985014985014986,unstable_or_not_bootstrapped
Flower_rat,point,ratio_rpt_DVI_median,predefined_index,ratio,median,33,-0.44394607344746606,0.00965228262887469,-0.5162918032976417,0.002099506413974465,0.016810024836110226,0.009843414493659176,-0.7197764783068499,-0.2255999380412226,0.006,0.0405,0.112,0.014985014985014986,unstable_or_not_bootstrapped
Flower_rat,point,0510_rpt_SAVI_mean,predefined_index,0510,mean,33,-0.45126255738800203,0.008391395669660073,-0.5144449057899103,0.0021920972596485,0.016810024836110226,0.009952441573002678,-0.7728516042804331,-0.16231194642945493,0.0005,0.0045,0.0275,0.014985014985014986,unstable_or_not_bootstrapped
Flower_rat,point,0510_rpt_RVI_mean,predefined_index,0510,mean,33,-0.5104573734061071,0.0024042084499224146,-0.5144449057899103,0.0021920972596485,0.016810024836110226,0.009952441573002678,-0.7728516042804331,-0.16231194642945493,0.0005,0.008,0.0295,0.014985014985014986,unstable_or_not_bootstrapped
Flower_rat,r0p3,rel_r0p3_DVI_mean,predefined_index,rel,mean,33,-0.5997811177423995,0.0002250642621042051,-0.6358364419798923,6.99501237013879e-05,0.008053707241251448,0.0035277548872105356,-0.8182339536767116,-0.36233974471919006,0.0435,0.283,0.4405,0.006993006993006993,unstable_or_not_bootstrapped
Flower_rat,r0p3,ratio_r0p3_DVI_mean,predefined_index,ratio,mean,33,-0.5997811177423995,0.0002250642621042051,-0.6358364419798923,6.99501237013879e-05,0.008053707241251448,0.0035277548872105356,-0.8182339536767116,-0.36233974471919006,0.0475,0.286,0.4465,0.006993006993006993,unstable_or_not_bootstrapped
Flower_rat,r0p3,0510_r0p3_ND_B2_B3_median,pairwise_nd,0510,median,33,-0.5662976622829256,0.0005917967347591821,-0.6323105467378597,7.892905732304281e-05,0.008053707241251448,0.0035922346576779973,-0.8226446630705071,-0.34758087280667677,0.112,0.307,0.424,0.006993006993006993,moderate
Flower_rat,r0p3,diff_r0p3_DVI_mean,predefined_index,diff,mean,33,-0.60196458079135,0.00021052278864909415,-0.6232439589726327,0.00010695178480329983,0.008053707241251448,0.004246213413679947,-0.8096759936331983,-0.35008050898916976,0.036,0.2055,0.3635,0.006993006993006993,unstable_or_not_bootstrapped
Flower_rat,r0p3,0510_r0p3_ND_B2_B3_mean,pairwise_nd,0510,mean,33,-0.5711393161864409,0.0005178763433548389,-0.61955016395717,0.00012071887262147613,0.008053707241251448,0.004416890515915185,-0.8203485447178321,-0.3258996802088892,0.066,0.2465,0.349,0.006993006993006993,unstable_or_not_bootstrapped
Flower_rat,r0p3,rel_r0p3_B6_mean,raw_band,rel,mean,33,-0.5519750257723816,0.0008679420774583865,-0.5972194940909631,0.00024326043744769322,0.008053707241251448,0.007093024941597355,-0.7707096172836838,-0.32289264039925986,0.0095,0.0905,0.23,0.006993006993006993,unstable_or_not_bootstrapped
Flower_rat,r0p3,ratio_r0p3_B6_mean,raw_band,ratio,mean,33,-0.5519750257723814,0.0008679420774583916,-0.5972194940909631,0.00024326043744769322,0.008053707241251448,0.007093024941597355,-0.7707096172836838,-0.32289264039925986,0.01,0.0895,0.2365,0.006993006993006993,unstable_or_not_bootstrapped
Flower_rat,r0p3,diff_r0p3_ND_B2_B3_median,pairwise_nd,diff,median,33,-0.47269123178866496,0.005471958102095781,-0.5936935988489304,0.0002704470837116841,0.008053707241251448,0.007115263207513085,-0.7933195008218263,-0.28303557962972226,0.076,0.1805,0.257,0.006993006993006993,unstable_or_not_bootstrapped
Flower_rat,r0p3,diff_r0p3_B6_mean,raw_band,diff,mean,33,-0.5524818496049868,0.0008565092312608605,-0.5876492070054458,0.0003233927375134758,0.008053707241251448,0.007837024002599297,-0.7664280801540931,-0.3178364138054118,0.002,0.0425,0.145,0.006993006993006993,unstable_or_not_bootstrapped
Flower_rat,r0p3,diff_r0p3_B5_mean,raw_band,diff,mean,33,-0.49034445976271623,0.0037684144778866923,-0.5826122138025419,0.00037435070881726017,0.008053707241251448,0.007967730094483367,-0.7775675197165209,-0.2908274853096979,0.068,0.1705,0.267,0.006993006993006993,unstable_or_not_bootstrapped
Flower_rat,r0p3,rel_r0p3_B6_p25,raw_band,rel,p25,33,-0.5615975618387906,0.000672326403529875,-0.5811011158416708,0.00039096850559853494,0.008053707241251448,0.007967730094483367,-0.7650807829785895,-0.30497423868668033,0.0075,0.0765,0.175,0.006993006993006993,unstable_or_not_bootstrapped
Flower_rat,r0p3,ratio_r0p3_B6_p25,raw_band,ratio,p25,33,-0.5615975618387907,0.0006723264035298709,-0.5811011158416708,0.00039096850559853494,0.008053707241251448,0.007967730094483367,-0.7650807829785895,-0.30497423868668033,0.013,0.082,0.1785,0.006993006993006993,unstable_or_not_bootstrapped
Flower_rat,r0p3,ratio_r0p3_DVI_median,predefined_index,ratio,median,33,-0.5589435503882756,0.0007219481742572832,-0.5767357217324875,0.0004427123058271315,0.008053707241251448,0.007967730094483367,-0.7724189222695962,-0.28794085601000463,0.0,0.025,0.077,0.006993006993006993,unstable_or_not_bootstrapped
Flower_rat,r0p3,rel_r0p3_DVI_median,predefined_index,rel,median,33,-0.5589435503882756,0.0007219481742572832,-0.5767357217324875,0.0004427123058271315,0.008053707241251448,0.007967730094483367,-0.7724189222695962,-0.28794085601000463,0.0015,0.02,0.0735,0.006993006993006993,unstable_or_not_bootstrapped
Flower_rat,r0p3,ratio_r0p3_B5_mean,raw_band,ratio,mean,33,-0.48560799533204363,0.004173024896124499,-0.5710271294358632,0.0005194920335544854,0.008053707241251448,0.007967730094483367,-0.7691004636933161,-0.27117388957346245,0.0115,0.1295,0.2195,0.006993006993006993,unstable_or_not_bootstrapped
Flower_rat,r0p3,rel_r0p3_B5_mean,raw_band,rel,mean,33,-0.485607995332044,0.00417302489612446,-0.5710271294358632,0.0005194920335544854,0.008053707241251448,0.007967730094483367,-0.7691004636933161,-0.27117388957346245,0.0075,0.1285,0.2165,0.006993006993006993,unstable_or_not_bootstrapped
Flower_rat,r0p3,diff_r0p3_B6_p25,raw_band,diff,p25,33,-0.5681160153719315,0.0005630078511925658,-0.5695160314749921,0.0005416934850972838,0.008053707241251448,0.007967730094483367,-0.7644026648982171,-0.29178145219151674,0.023,0.0775,0.157,0.006993006993006993,unstable_or_not_bootstrapped
Flower_rat,r0p3,0510_r0p3_B6_p75,raw_band,0510,p75,33,-0.5137551443746553,0.0022275779381992467,-0.5685086328344112,0.0005569569208689319,0.008053707241251448,0.007967730094483367,-0.7605765571527853,-0.29066325554819805,0.008,0.071,0.143,0.006993006993006993,unstable_or_not_bootstrapped
Flower_rat,r0p3,diff_r0p3_DVI_median,predefined_index,diff,median,33,-0.5501298955357335,0.0009107076219599018,-0.5658222364595292,0.0005995352326869574,0.008053707241251448,0.007967730094483367,-0.7592025916173132,-0.2737098191130878,0.0065,0.0255,0.072,0.006993006993006993,unstable_or_not_bootstrapped
Flower_rat,r0p3,0510_r0p3_ND_B1_B3_mean,pairwise_nd,0510,mean,33,-0.5590748436375071,0.0007194194834983195,-0.5607852432566254,0.0006871842149444536,0.008053707241251448,0.008326530812249027,-0.8034803449963754,-0.21843925539342213,0.0155,0.073,0.146,0.006993006993006993,unstable_or_not_bootstrapped
Flower_rat,r0p3,0510_r0p3_RENDVI1_mean,predefined_index,0510,mean,33,-0.5266667675805938,0.0016400666933387327,-0.5569235484677325,0.0007618538626419691,0.008053707241251448,0.008563971733071774,-0.7830242686179555,-0.22788163996750682,0.003,0.0365,0.093,0.006993006993006993,unstable_or_not_bootstrapped
Flower_rat,r0p3,0510_r0p3_ND_B3_B4_mean,pairwise_nd,0510,mean,33,0.5266667675805938,0.0016400666933387327,0.5569235484677325,0.0007618538626419691,0.008053707241251448,0.008563971733071774,0.22788163996750682,0.7830242686179554,0.003,0.036,0.0945,0.006993006993006993,unstable_or_not_bootstrapped
Flower_rat,r0p3,ratio_r0p3_B6_median,raw_band,ratio,median,33,-0.5006731213249342,0.003001833641893959,-0.5540692523194203,0.000821554468273318,0.008053707241251448,0.008834457357762558,-0.7431080196604444,-0.26846021455630203,0.0055,0.0245,0.075,0.006993006993006993,unstable_or_not_bootstrapped
Flower_rat,r0p3,rel_r0p3_B6_median,raw_band,rel,median,33,-0.5006731213249346,0.0030018336418939444,-0.5540692523194203,0.000821554468273318,0.008053707241251448,0.008834457357762558,-0.7431080196604444,-0.26846021455630203,0.002,0.0245,0.074,0.006993006993006993,unstable_or_not_bootstrapped
Flower_rat,r0p3,0510_r0p3_ND_B1_B3_median,pairwise_nd,0510,median,33,-0.5440648919395453,0.0010646351175623416,-0.5507112568508178,0.0008970372833011921,0.008053707241251448,0.008895844320318614,-0.7951706019486906,-0.21992537191865227,0.0145,0.069,0.123,0.006993006993006993,unstable_or_not_bootstrapped
Flower_rat,r0p3,0510_r0p3_EVI_median,predefined_index,0510,median,33,-0.524258718969217,0.0017380306515555775,-0.5473532613822153,0.00097855942317831,0.008053707241251448,0.00893546976365527,-0.7864482230890826,-0.21825832270027237,0.004,0.03,0.08,0.006993006993006993,unstable_or_not_bootstrapped
Flower_rat,r0p3,0510_r0p3_DVI_mean,predefined_index,0510,mean,33,-0.5056806981735319,0.0026816032877839033,-0.5458421634213441,0.0010173222311739237,0.008053707241251448,0.00893546976365527,-0.7373456761591983,-0.2648814854233253,0.0,0.013,0.0385,0.006993006993006993,unstable_or_not_bootstrapped
Flower_rat,r0p3,rel_r0p3_B6_p75,raw_band,rel,p75,33,-0.49659968517999376,0.0032862690042798274,-0.5451705643276236,0.001034979052427063,0.008053707241251448,0.00893546976365527,-0.7369236929782489,-0.2615550716534503,0.0025,0.0155,0.0485,0.006993006993006993,unstable_or_not_bootstrapped
Flower_rat,r0p3,ratio_r0p3_B6_p75,raw_band,ratio,p75,33,-0.49659968517999376,0.0032862690042798274,-0.5451705643276236,0.001034979052427063,0.008053707241251448,0.00893546976365527,-0.7369236929782489,-0.2615550716534503,0.0015,0.015,0.051,0.006993006993006993,unstable_or_not_bootstrapped
Flower_rat,r0p3,ratio_r0p3_EVI_median,predefined_index,ratio,median,33,-0.5203763644376069,0.001906747917377137,-0.5448347647807633,0.0010439080431280006,0.008053707241251448,0.00893546976365527,-0.780837274335733,-0.20343830047658842,0.0,0.0205,0.0675,0.006993006993006993,unstable_or_not_bootstrapped
Flower_rat,r0p5,rel_r0p5_DVI_mean,predefined_index,rel,mean,33,-0.6297637988891185,8.60440478127617e-05,-0.6630362052755729,2.61374235072207e-05,0.0038479990476939494,0.0028414925332767038,-0.8351850498206036,-0.4020394132281382,0.0785,0.348,0.51,0.006993006993006993,stable_top10
Flower_rat,r0p5,ratio_r0p5_DVI_mean,predefined_index,ratio,mean,33,-0.6297637988891184,8.60440478127617e-05,-0.6630362052755729,2.61374235072207e-05,0.0038479990476939494,0.0028414925332767038,-0.8351850498206036,-0.4020394132281382,0.0735,0.352,0.519,0.006993006993006993,stable_top10
Flower_rat,r0p5,rel_r0p5_B6_p25,raw_band,rel,p25,33,-0.5664860990998212,0.000588754072525811,-0.651115321362034,4.0719566642264016e-05,0.0038479990476939494,0.003039308454178586,-0.8187618934209179,-0.38511191544880136,0.0545,0.295,0.4455,0.006993006993006993,unstable_or_not_bootstrapped
Flower_rat,r0p5,ratio_r0p5_B6_p25,raw_band,ratio,p25,33,-0.5664860990998212,0.000588754072525811,-0.651115321362034,4.0719566642264016e-05,0.0038479990476939494,0.003039308454178586,-0.8187618934209179,-0.38511191544880136,0.04,0.301,0.444,0.006993006993006993,moderate
Flower_rat,r0p5,0510_r0p5_ND_B2_B3_mean,pairwise_nd,0510,mean,33,-0.6228422655445562,0.00010837749519882493,-0.6430561322373878,5.43679137145416e-05,0.004110214276819344,0.0032809883324260688,-0.8220396256937962,-0.37121093579458075,0.0885,0.2385,0.3625,0.006993006993006993,unstable_or_not_bootstrapped
Flower_rat,r0p5,diff_r0p5_DVI_mean,predefined_index,diff,mean,33,-0.6166780680200005,0.0001324975877366252,-0.6277772528552462,9.198777564749416e-05,0.005070192650101998,0.003946817331208623,-0.8059094350263911,-0.36270400085779975,0.0125,0.1285,0.288,0.006993006993006993,unstable_or_not_bootstrapped
Flower_rat,r0p5,diff_r0p5_B6_p25,raw_band,diff,p25,33,-0.5750333409098788,0.00046448075020892593,-0.622236560332052,0.00011055949680196748,0.005070192650101998,0.004298000438176485,-0.805106266318444,-0.3446520138927597,0.0505,0.18,0.306,0.006993006993006993,unstable_or_not_bootstrapped
Flower_rat,r0p5,rel_r0p5_B6_mean,raw_band,rel,mean,33,-0.5649635228556037,0.0006137394368050298,-0.61955016395717,0.00012071887262147613,0.005070192650101998,0.004416890515915185,-0.7996729794638554,-0.34256454137308795,0.0085,0.0845,0.2805,0.006993006993006993,unstable_or_not_bootstrapped
Flower_rat,r0p5,ratio_r0p5_B6_mean,raw_band,ratio,mean,33,-0.5649635228556033,0.0006137394368050373,-0.61955016395717,0.00012071887262147613,0.005070192650101998,0.004416890515915185,-0.7996729794638554,-0.34256454137308795,0.005,0.084,0.276,0.006993006993006993,unstable_or_not_bootstrapped
Flower_rat,r0p5,0510_r0p5_B6_mean,raw_band,0510,mean,33,-0.5466038828381593,0.000997617055364128,-0.5965478949972425,0.00024824282281142113,0.005709797345436643,0.007093024941597355,-0.7868617111427998,-0.31698707826031525,0.0215,0.084,0.1795,0.006993006993006993,unstable_or_not_bootstrapped
Flower_rat,r0p5,ratio_r0p5_DVI_median,predefined_index,ratio,median,33,-0.5859196240924751,0.0003401484945039206,-0.5955404963566617,0.0002558868824985432,0.005709797345436643,0.007093024941597355,-0.7840545763977168,-0.33174856506915495,0.0005,0.0195,0.0765,0.006993006993006993,unstable_or_not_bootstrapped
Flower_rat,r0p5,rel_r0p5_DVI_median,predefined_index,rel,median,33,-0.585919624092475,0.0003401484945039206,-0.5955404963566617,0.0002558868824985432,0.005709797345436643,0.007093024941597355,-0.7840545763977168,-0.33174856506915495,0.001,0.018,0.0725,0.006993006993006993,unstable_or_not_bootstrapped
Flower_rat,r0p5,diff_r0p5_B5_p25,raw_band,diff,p25,33,-0.5502443288025319,0.0009080023945413853,-0.5953725965832317,0.00025718106897737344,0.005709797345436643,0.007093024941597355,-0.7734973007724519,-0.3274968775404927,0.0165,0.089,0.1835,0.006993006993006993,unstable_or_not_bootstrapped
Flower_rat,r0p5,rel_r0p5_B5_p25,raw_band,rel,p25,33,-0.5311016654518246,0.0014722167046917862,-0.5952046968098015,0.0002584810804011898,0.005709797345436643,0.007093024941597355,-0.7770912950129734,-0.32722776949756716,0.0175,0.098,0.183,0.006993006993006993,unstable_or_not_bootstrapped
Flower_rat,r0p5,ratio_r0p5_B5_p25,raw_band,ratio,p25,33,-0.5311016654518246,0.0014722167046917862,-0.5952046968098015,0.0002584810804011898,0.005709797345436643,0.007093024941597355,-0.7770912950129734,-0.32722776949756716,0.0095,0.099,0.188,0.006993006993006993,unstable_or_not_bootstrapped
Flower_rat,r0p5,diff_r0p5_DVI_median,predefined_index,diff,median,33,-0.568380855178507,0.0005589198557551267,-0.593911125622708,0.00026869471960493146,0.005709797345436643,0.007115263207513085,-0.785828374534316,-0.3173939739507557,0.0085,0.042,0.1205,0.006993006993006993,unstable_or_not_bootstrapped
Flower_rat,r0p5,0510_r0p5_DVI_mean,predefined_index,0510,mean,33,-0.5815580981357901,0.0003858752779432694,-0.5864739085914349,0.00033469664656119824,0.005709797345436643,0.007943943980533105,-0.7849076920497126,-0.30215599695204093,0.0035,0.0385,0.103,0.006993006993006993,unstable_or_not_bootstrapped
Flower_rat,r0p5,0510_r0p5_RENDVI1_mean,predefined_index,0510,mean,33,-0.5922642496005159,0.0002822169223455121,-0.5847949108571336,0.0003514540428291527,0.005709797345436643,0.007943943980533105,-0.7899238666884748,-0.2685287978619683,0.01,0.074,0.1315,0.006993006993006993,unstable_or_not_bootstrapped
Flower_rat,r0p5,0510_r0p5_ND_B3_B4_mean,pairwise_nd,0510,mean,33,0.5922642496005159,0.0002822169223455121,0.5847949108571336,0.0003514540428291527,0.005709797345436643,0.007943943980533105,0.2685287978619683,0.7899238666884745,0.0175,0.0765,0.1315,0.006993006993006993,unstable_or_not_bootstrapped
Flower_rat,r0p5,diff_r0p5_B6_mean,raw_band,diff,mean,33,-0.5555004619041443,0.000791123007927077,-0.5817727149353913,0.00038350368551668524,0.005709797345436643,0.007967730094483367,-0.7807736116972975,-0.28904839651918357,0.001,0.014,0.1075,0.006993006993006993,unstable_or_not_bootstrapped
Flower_rat,r0p5,0510_r0p5_B5_max,raw_band,0510,max,33,-0.503022226476625,0.002847706326243907,-0.5807653162948105,0.00039474904226540126,0.005709797345436643,0.007967730094483367,-0.7952348073228469,-0.25799584592840447,0.092,0.174,0.2355,0.006993006993006993,unstable_or_not_bootstrapped
Flower_rat,r0p5,diff_r0p5_ND_B2_B3_mean,pairwise_nd,diff,mean,33,-0.5047137506614693,0.0027410185130861057,-0.5735456260373151,0.0004842752827295528,0.005709797345436643,0.007967730094483367,-0.8039604799611983,-0.25305373048976476,0.0375,0.113,0.1735,0.006993006993006993,unstable_or_not_bootstrapped
Flower_rat,r0p5,diff_r0p5_EVI_mean,predefined_index,diff,mean,33,-0.5629212712523272,0.0006487220719892233,-0.568004933514121,0.0005647303377142709,0.005709797345436643,0.007967730094483367,-0.7864217192044792,-0.23615695903034525,0.003,0.023,0.059,0.006993006993006993,unstable_or_not_bootstrapped
Flower_rat,r0p5,0510_r0p5_RENDVI2_mean,predefined_index,0510,mean,33,-0.5540446103839358,0.0008220873317217285,-0.5675012341938305,0.0005725995553508327,0.005709797345436643,0.007967730094483367,-0.7850617109660327,-0.2353236283550744,0.0015,0.009,0.0345,0.006993006993006993,unstable_or_not_bootstrapped
Flower_rat,r0p5,0510_r0p5_ND_B3_B5_mean,pairwise_nd,0510,mean,33,0.5540446103839358,0.0008220873317217285,0.5675012341938305,0.0005725995553508327,0.005709797345436643,0.007967730094483367,0.23532362835507412,0.7850617109660327,0.0015,0.0105,0.0355,0.006993006993006993,unstable_or_not_bootstrapped
Flower_rat,r0p5,rel_r0p5_B6_median,raw_band,rel,median,33,-0.5236029846127023,0.0017655768570862859,-0.5656543366860991,0.0006022894286871151,0.005709797345436643,0.007967730094483367,-0.7587625193640417,-0.2728735863144345,0.001,0.0185,0.052,0.006993006993006993,unstable_or_not_bootstrapped
Flower_rat,r0p5,ratio_r0p5_B6_median,raw_band,ratio,median,33,-0.523602984612702,0.0017655768570863045,-0.5656543366860991,0.0006022894286871151,0.005709797345436643,0.007967730094483367,-0.7587625193640417,-0.2728735863144345,0.002,0.0185,0.0555,0.006993006993006993,unstable_or_not_bootstrapped
Flower_rat,r0p5,ratio_r0p5_RENDVI2_mean,predefined_index,ratio,mean,33,-0.5489021927486983,0.0009401801821275268,-0.5649827375923786,0.0006134183765000073,0.005709797345436643,0.007967730094483367,-0.7799414384039287,-0.22367135726075654,0.001,0.0145,0.043,0.006993006993006993,unstable_or_not_bootstrapped
Flower_rat,r0p5,rel_r0p5_RENDVI2_mean,predefined_index,rel,mean,33,-0.5489021927486984,0.0009401801821275268,-0.5649827375923786,0.0006134183765000073,0.005709797345436643,0.007967730094483367,-0.7799414384039287,-0.22367135726075654,0.0015,0.015,0.043,0.006993006993006993,unstable_or_not_bootstrapped
Flower_rat,r0p5,0510_r0p5_EVI_mean,predefined_index,0510,mean,33,-0.5738077014640561,0.00048073499995150183,-0.5643111384986581,0.0006247286647839623,0.005709797345436643,0.007967730094483367,-0.7817131602383833,-0.2346756989385022,0.0025,0.0135,0.041,0.006993006993006993,unstable_or_not_bootstrapped
Flower_rat,r1,0510_r1_ND_B2_B3_mean,pairwise_nd,0510,mean,33,-0.6419658447604747,5.6500263703015625e-05,-0.7416132992408726,7.894312716313138e-07,0.00029840502067663663,0.0014730787528640316,-0.8508366571680225,-0.531089201653564,0.381,0.607,0.7135,0.000999000999000999,stable_top10
Flower_rat,r1,ratio_r1_EVI_mean,predefined_index,ratio,mean,33,-0.6120189049722421,0.00015380334551882155,-0.7016531531645023,5.3780073420319016e-06,0.0005634765271663741,0.0027816063483927355,-0.8604970791041303,-0.4119838332685182,0.039,0.3485,0.5785,0.000999000999000999,stable_top10
Flower_rat,r1,rel_r1_EVI_mean,predefined_index,rel,mean,33,-0.6120189049722421,0.00015380334551882155,-0.7016531531645023,5.3780073420319016e-06,0.0005634765271663741,0.0027816063483927355,-0.8604970791041303,-0.4119838332685182,0.032,0.337,0.5735,0.000999000999000999,stable_top10
Flower_rat,r1,diff_r1_EVI_mean,predefined_index,diff,mean,33,-0.609398153988831,0.00016708839684427266,-0.6993025563364804,5.962714573189143e-06,0.0005634765271663741,0.0027816063483927355,-0.8568213345030986,-0.4129208117554765,0.0605,0.331,0.5565,0.000999000999000999,stable_top10
Flower_rat,r1,0510_r1_EVI_mean,predefined_index,0510,mean,33,-0.611212595329676,0.0001577863828599408,-0.6823446792200376,1.221011688610453e-05,0.0006433263783491988,0.0028414925332767038,-0.8470794739930368,-0.39189454185595735,0.0195,0.1285,0.328,0.000999000999000999,unstable_or_not_bootstrapped
Flower_rat,r1,0510_r1_RENDVI2_mean,predefined_index,0510,mean,33,-0.5931243545921667,0.0002750810679012931,-0.6726064923610902,1.8048353614398025e-05,0.0006433263783491988,0.0028414925332767038,-0.846999885139274,-0.3740227215952505,0.0065,0.085,0.2575,0.000999000999000999,unstable_or_not_bootstrapped
Flower_rat,r1,0510_r1_ND_B3_B5_mean,pairwise_nd,0510,mean,33,0.5931243545921667,0.0002750810679012931,0.6726064923610902,1.8048353614398025e-05,0.0006433263783491988,0.0028414925332767038,0.37402272159525024,0.8469998851392739,0.0135,0.0985,0.26,0.000999000999000999,unstable_or_not_bootstrapped
Flower_rat,r1,0510_r1_RVI_mean,predefined_index,0510,mean,33,-0.612206968467697,0.00015288736741568348,-0.6702558955330684,1.979126012911922e-05,0.0006433263783491988,0.0028414925332767038,-0.8428591440989109,-0.37313868399605854,0.001,0.0415,0.213,0.000999000999000999,unstable_or_not_bootstrapped
Flower_rat,r1,0510_r1_SAVI_mean,predefined_index,0510,mean,33,-0.5890497560563603,0.000310366409448423,-0.6702558955330684,1.979126012911922e-05,0.0006433263783491988,0.0028414925332767038,-0.8428591440989109,-0.37313868399605854,0.001,0.0395,0.193,0.000999000999000999,unstable_or_not_bootstrapped
Flower_rat,r1,0510_r1_NDVI_mean,predefined_index,0510,mean,33,-0.5890449703032619,0.0003104101147703528,-0.6702558955330684,1.979126012911922e-05,0.0006433263783491988,0.0028414925332767038,-0.8428591440989109,-0.37313868399605854,0.0015,0.0555,0.2175,0.000999000999000999,unstable_or_not_bootstrapped
Flower_rat,r1,0510_r1_ND_B3_B6_mean,pairwise_nd,0510,mean,33,0.5890449703032619,0.0003104101147703528,0.6702558955330684,1.979126012911922e-05,0.0006433263783491988,0.0028414925332767038,0.37313868399605843,0.8428591440989109,0.0035,0.0595,0.2155,0.000999000999000999,unstable_or_not_bootstrapped
Flower_rat,r1,0510_r1_ND_B3_B4_mean,pairwise_nd,0510,mean,33,0.6294992437749225,8.681517517629669e-05,0.6668979000644659,2.2545441898918057e-05,0.0006433263783491988,0.0028414925332767038,0.35564182196362576,0.8489610431723059,0.026,0.0995,0.2385,0.000999000999000999,unstable_or_not_bootstrapped
Flower_rat,r1,0510_r1_RENDVI1_mean,predefined_index,0510,mean,33,-0.6294992437749225,8.681517517629669e-05,-0.6668979000644659,2.2545441898918057e-05,0.0006433263783491988,0.0028414925332767038,-0.8489610431723061,-0.35564182196362604,0.0125,0.1025,0.237,0.000999000999000999,unstable_or_not_bootstrapped
Flower_rat,r1,rel_r1_DVI_mean,predefined_index,rel,mean,33,-0.6184246472106173,0.00012521810810365558,-0.6613572075412717,2.785431747663786e-05,0.0006433263783491988,0.0028414925332767038,-0.8186962449856732,-0.40378838427584957,0.025,0.2005,0.3205,0.000999000999000999,unstable_or_not_bootstrapped
Flower_rat,r1,ratio_r1_DVI_mean,predefined_index,ratio,mean,33,-0.6184246472106173,0.00012521810810365558,-0.6613572075412717,2.785431747663786e-05,0.0006433263783491988,0.0028414925332767038,-0.8186962449856732,-0.40378838427584957,0.024,0.205,0.3205,0.000999000999000999,unstable_or_not_bootstrapped
Flower_rat,r1,ratio_r1_RENDVI1_mean,predefined_index,ratio,mean,33,-0.5980166557662574,0.0002374622995459078,-0.660349808900691,2.8932667809355504e-05,0.0006433263783491988,0.0028414925332767038,-0.8468392940098717,-0.34893103176028295,0.0165,0.1455,0.2765,0.000999000999000999,unstable_or_not_bootstrapped
Flower_rat,r1,rel_r1_RENDVI1_mean,predefined_index,rel,mean,33,-0.5980166557662574,0.0002374622995459078,-0.660349808900691,2.8932667809355504e-05,0.0006433263783491988,0.0028414925332767038,-0.8468392940098717,-0.34893103176028295,0.0185,0.1455,0.2795,0.000999000999000999,unstable_or_not_bootstrapped
Flower_rat,r1,0510_r1_DVI_mean,predefined_index,0510,mean,33,-0.630359936917391,8.432889676574683e-05,-0.6566560138852282,3.321655085255906e-05,0.0006975475679037402,0.0029515278043273905,-0.8186513359821889,-0.3761835815221295,0.0125,0.0795,0.1835,0.000999000999000999,unstable_or_not_bootstrapped
Flower_rat,r1,diff_r1_RENDVI1_mean,predefined_index,diff,mean,33,-0.5839050051067242,0.00036063453713810166,-0.651115321362034,4.0719566642264016e-05,0.0007695998095387899,0.003039308454178586,-0.8442870554140178,-0.33060397258940294,0.016,0.124,0.2305,0.000999000999000999,unstable_or_not_bootstrapped
Flower_rat,r1,diff_r1_ND_B3_B4_mean,pairwise_nd,diff,mean,33,0.5839050051067242,0.00036063453713810166,0.651115321362034,4.0719566642264016e-05,0.0007695998095387899,0.003039308454178586,0.3306039725894021,0.8442870554140178,0.022,0.125,0.2335,0.000999000999000999,unstable_or_not_bootstrapped
Flower_rat,r1,rel_r1_NDVI_mean,predefined_index,rel,mean,33,-0.5830468991285531,0.00036968800905696087,-0.6432240320108179,5.404605228195451e-05,0.00081156692934414,0.0032809883324260688,-0.8302096055460991,-0.32685387248666176,0.0,0.004,0.0205,0.000999000999000999,unstable_or_not_bootstrapped
Flower_rat,r1,ratio_r1_SAVI_mean,predefined_index,ratio,mean,33,-0.5830523983314656,0.00036962935303009816,-0.6432240320108179,5.404605228195451e-05,0.00081156692934414,0.0032809883324260688,-0.8302096055460991,-0.32685387248666176,0.001,0.0035,0.0225,0.000999000999000999,unstable_or_not_bootstrapped
Flower_rat,r1,rel_r1_SAVI_mean,predefined_index,rel,mean,33,-0.5830523983314656,0.00036962935303009816,-0.6432240320108179,5.404605228195451e-05,0.00081156692934414,0.0032809883324260688,-0.8302096055460991,-0.32685387248666176,0.0,0.004,0.022,0.000999000999000999,unstable_or_not_bootstrapped
Flower_rat,r1,ratio_r1_NDVI_mean,predefined_index,ratio,mean,33,-0.5830468991285529,0.00036968800905696326,-0.6432240320108179,5.404605228195451e-05,0.00081156692934414,0.0032809883324260688,-0.8302096055460991,-0.32685387248666176,0.0005,0.0045,0.0205,0.000999000999000999,unstable_or_not_bootstrapped
Flower_rat,r1,0510_r1_B6_mean,raw_band,0510,mean,33,-0.5871366822043311,0.0003282797415266844,-0.6413771345030865,5.7682642869039795e-05,0.00081156692934414,0.0032809883324260688,-0.803835326453149,-0.38656209400617114,0.033,0.153,0.262,0.000999000999000999,unstable_or_not_bootstrapped
Flower_rat,r1,rel_r1_RENDVI2_mean,predefined_index,rel,mean,33,-0.582865699293475,0.0003716253649041556,-0.6412092347296564,5.8023909415895105e-05,0.00081156692934414,0.0032809883324260688,-0.8269442614887466,-0.3290568872809287,0.0,0.0025,0.0145,0.000999000999000999,unstable_or_not_bootstrapped
Flower_rat,r1,ratio_r1_RENDVI2_mean,predefined_index,ratio,mean,33,-0.5828656992934749,0.00037162536490415794,-0.6412092347296564,5.8023909415895105e-05,0.00081156692934414,0.0032809883324260688,-0.8269442614887466,-0.3290568872809287,0.0005,0.0025,0.0155,0.000999000999000999,unstable_or_not_bootstrapped
Flower_rat,r1,0510_r1_ND_B1_B3_mean,pairwise_nd,0510,mean,33,-0.6032546278545564,0.00020233062729619412,-0.6398660365422154,6.082007152836878e-05,0.00081156692934414,0.003319511172677913,-0.8169614600520548,-0.3422971476866468,0.0065,0.0645,0.1505,0.000999000999000999,unstable_or_not_bootstrapped
Flower_rat,r1,0510_r1_DVI_median,predefined_index,0510,median,33,-0.6124181782534146,0.000151864468723808,-0.6391944374484949,6.226307129888904e-05,0.00081156692934414,0.003319511172677913,-0.8249326578177043,-0.3340447456455329,0.0175,0.063,0.123,0.000999000999000999,unstable_or_not_bootstrapped
Flower_rat,r1,diff_r1_ND_B3_B6_mean,pairwise_nd,diff,mean,33,0.5803092517620311,0.0003999354914098441,0.6329821458315802,7.714300168943149e-05,0.0009112517074564095,0.0035922346576779973,0.31283693939162655,0.8252202255486704,0.001,0.0075,0.019,0.000999000999000999,unstable_or_not_bootstrapped
